Date,Price,Open,High,Low,Vol.,Change %
01-01-2020,184.45,185.15,186.70,183.60,25970000.00,-0.38%
02-01-2020,193.75,185.00,194.70,184.60,57290000.00,5.04%
03-01-2020,191.10,192.90,195.65,189.25,47570000.00,-1.37%
06-01-2020,185.65,191.00,191.00,185.05,28620000.00,-2.85%
07-01-2020,184.70,187.00,189.40,182.30,35000000.00,-0.51%
08-01-2020,182.55,180.20,184.20,180.20,21860000.00,-1.16%
09-01-2020,192.00,184.85,192.75,184.25,40800000.00,5.18%
10-01-2020,196.35,192.00,199.00,190.00,60250000.00,2.27%
13-01-2020,196.25,194.75,197.75,191.40,40540000.00,-0.05%
14-01-2020,195.85,195.70,198.25,193.60,29870000.00,-0.20%
15-01-2020,200.35,195.00,201.70,194.00,38490000.00,2.30%
16-01-2020,197.55,199.50,200.60,196.90,28120000.00,-1.40%
17-01-2020,197.30,197.25,199.45,195.70,18200000.00,-0.13%
20-01-2020,195.00,198.00,201.45,194.30,28980000.00,-1.17%
21-01-2020,191.40,195.50,196.40,190.20,20860000.00,-1.85%
22-01-2020,185.60,191.95,192.50,184.25,32950000.00,-3.03%
23-01-2020,188.40,186.75,190.40,183.80,33030000.00,1.51%
24-01-2020,186.50,188.00,191.00,185.00,21790000.00,-1.01%
27-01-2020,182.20,185.70,186.90,180.85,30130000.00,-2.31%
28-01-2020,176.10,183.90,184.30,174.90,38280000.00,-3.35%
29-01-2020,188.05,178.80,188.90,178.55,61590000.00,6.79%
30-01-2020,186.20,190.95,192.55,184.25,70900000.00,-0.98%
31-01-2020,176.60,186.30,188.35,175.95,75620000.00,-5.16%
01-02-2020,165.60,175.00,178.70,163.80,42520000.00,-6.23%
03-02-2020,163.85,163.50,168.30,159.55,66620000.00,-1.06%
04-02-2020,165.70,166.55,168.60,161.20,49030000.00,1.13%
05-02-2020,183.75,167.40,184.95,166.60,92980000.00,10.89%
06-02-2020,178.85,182.00,183.40,175.75,61820000.00,-2.67%
07-02-2020,173.60,177.40,178.15,173.00,45200000.00,-2.94%
10-02-2020,168.90,173.20,173.20,168.00,33280000.00,-2.71%
11-02-2020,169.75,171.85,175.15,168.40,42870000.00,0.50%
12-02-2020,170.95,173.00,173.30,169.00,34620000.00,0.71%
13-02-2020,169.50,171.35,172.35,168.10,25050000.00,-0.85%
14-02-2020,169.10,172.00,176.20,168.30,56680000.00,-0.24%
17-02-2020,169.10,170.40,171.35,166.35,32890000.00,0.00%
18-02-2020,161.60,168.00,168.00,158.60,52740000.00,-4.44%
19-02-2020,158.05,162.85,164.60,153.05,78910000.00,-2.20%
20-02-2020,158.50,157.95,162.30,156.00,54330000.00,0.28%
24-02-2020,150.65,154.00,155.90,149.60,39710000.00,-4.95%
25-02-2020,149.90,152.20,153.40,147.45,52720000.00,-0.50%
26-02-2020,144.55,146.90,147.90,143.70,47610000.00,-3.57%
27-02-2020,145.25,144.15,146.75,141.10,51330000.00,0.48%
28-02-2020,128.95,138.85,139.60,127.05,94470000.00,-11.22%
02-03-2020,125.40,133.00,133.90,123.80,111590000.00,-2.75%
03-03-2020,130.35,127.50,131.40,125.25,86770000.00,3.95%
04-03-2020,126.20,129.60,129.60,120.55,97550000.00,-3.18%
05-03-2020,125.75,127.55,129.15,124.25,87800000.00,-0.36%
06-03-2020,114.20,115.00,117.30,112.80,83970000.00,-9.18%
09-03-2020,105.70,109.00,109.85,104.25,81550000.00,-7.44%
11-03-2020,98.90,104.85,106.50,97.80,111150000.00,-6.43%
12-03-2020,88.00,91.10,94.90,84.10,143550000.00,-11.02%
13-03-2020,89.75,81.90,94.15,78.05,106150000.00,1.99%
16-03-2020,82.95,85.60,87.65,82.20,73710000.00,-7.58%
17-03-2020,77.95,83.05,85.00,77.40,71850000.00,-6.03%
18-03-2020,75.50,79.90,80.45,75.10,70130000.00,-3.14%
19-03-2020,72.95,70.00,76.50,68.75,68120000.00,-3.38%
20-03-2020,77.30,74.00,79.60,72.65,86040000.00,5.96%
23-03-2020,66.20,70.00,72.00,66.00,34180000.00,-14.36%
24-03-2020,68.55,69.90,71.50,63.50,49550000.00,3.55%
25-03-2020,70.25,67.75,71.70,67.25,57720000.00,2.48%
26-03-2020,70.80,71.45,73.50,68.30,63820000.00,0.78%
27-03-2020,70.70,72.05,75.90,69.35,58820000.00,-0.14%
30-03-2020,68.15,68.80,70.00,67.25,35280000.00,-3.61%
31-03-2020,71.05,70.60,71.50,68.20,46170000.00,4.26%
01-04-2020,67.95,70.50,71.65,67.55,38170000.00,-4.36%
03-04-2020,65.30,66.90,66.90,64.80,35350000.00,-3.90%
07-04-2020,67.25,68.55,69.30,66.90,42070000.00,2.99%
08-04-2020,67.60,66.50,71.60,65.40,82180000.00,0.52%
09-04-2020,74.60,69.60,76.25,69.10,112680000.00,10.36%
13-04-2020,74.25,76.00,77.60,72.70,70410000.00,-0.47%
15-04-2020,72.90,75.40,78.70,71.95,81130000.00,-1.82%
16-04-2020,74.65,71.75,75.40,71.00,47910000.00,2.40%
17-04-2020,76.85,78.30,78.30,74.70,58340000.00,2.95%
20-04-2020,80.45,76.85,83.40,75.50,125430000.00,4.68%
21-04-2020,74.65,78.00,78.00,74.00,58250000.00,-7.21%
22-04-2020,75.90,74.45,76.55,72.55,56530000.00,1.67%
23-04-2020,75.65,76.75,78.65,75.40,50370000.00,-0.33%
24-04-2020,74.20,75.00,76.90,74.00,40050000.00,-1.92%
27-04-2020,75.25,75.90,76.20,74.80,27840000.00,1.42%
28-04-2020,76.95,75.65,78.20,75.20,34830000.00,2.26%
29-04-2020,78.15,77.45,79.30,76.55,40790000.00,1.56%
30-04-2020,93.25,85.95,93.75,85.95,170650000.00,19.32%
04-05-2020,83.90,87.00,87.20,81.50,91170000.00,-10.03%
05-05-2020,80.90,86.00,86.80,80.40,57120000.00,-3.58%
06-05-2020,83.20,81.55,83.95,80.35,53740000.00,2.84%
07-05-2020,82.50,82.90,84.65,82.10,31160000.00,-0.84%
08-05-2020,81.05,84.50,84.95,80.55,35360000.00,-1.76%
11-05-2020,86.10,81.45,90.65,81.40,152590000.00,6.23%
12-05-2020,86.20,85.95,87.70,83.50,77550000.00,0.12%
13-05-2020,87.20,92.50,92.50,86.25,68090000.00,1.16%
14-05-2020,83.80,83.95,85.30,82.55,46340000.00,-3.90%
15-05-2020,84.35,84.70,85.35,82.80,38590000.00,0.66%
18-05-2020,80.65,84.50,84.50,79.60,44220000.00,-4.39%
19-05-2020,81.80,82.50,85.65,81.50,65380000.00,1.43%
20-05-2020,83.45,81.25,84.40,80.70,36350000.00,2.02%
21-05-2020,84.10,83.10,85.20,82.90,37290000.00,0.78%
22-05-2020,82.80,83.40,83.90,82.00,29250000.00,-1.55%
26-05-2020,83.10,83.90,85.70,82.60,38020000.00,0.36%
27-05-2020,84.55,84.10,86.00,84.00,57960000.00,1.74%
28-05-2020,87.00,86.00,88.15,84.55,96180000.00,2.90%
29-05-2020,87.00,85.55,87.50,84.65,80820000.00,0.00%
01-06-2020,89.55,88.90,91.20,88.00,71080000.00,2.93%
02-06-2020,96.50,90.00,97.30,89.75,125410000.00,7.76%
03-06-2020,98.75,100.00,101.45,97.40,90600000.00,2.33%
04-06-2020,98.50,99.00,101.40,96.80,72080000.00,-0.25%
05-06-2020,110.75,100.45,112.45,99.05,187210000.00,12.44%
08-06-2020,115.45,114.00,119.15,113.35,136950000.00,4.24%
09-06-2020,111.45,117.45,117.90,110.25,79470000.00,-3.46%
10-06-2020,111.40,111.00,113.00,108.50,84040000.00,-0.04%
11-06-2020,106.15,109.90,111.15,105.00,55490000.00,-4.71%
12-06-2020,105.30,98.00,106.25,98.00,93000000.00,-0.80%
15-06-2020,100.50,104.65,104.65,100.05,69320000.00,-4.56%
16-06-2020,94.75,102.00,103.50,92.00,215480000.00,-5.72%
17-06-2020,95.40,93.00,96.40,91.80,110830000.00,0.69%
18-06-2020,96.35,95.00,97.20,94.15,58960000.00,1.00%
19-06-2020,102.50,96.50,103.90,95.60,135460000.00,6.38%
22-06-2020,102.65,102.35,104.90,101.00,68550000.00,0.15%
23-06-2020,104.40,103.00,106.00,101.90,68640000.00,1.70%
24-06-2020,104.80,105.25,110.80,104.20,125460000.00,0.38%
25-06-2020,103.80,103.85,106.30,101.65,63200000.00,-0.95%
26-06-2020,101.40,105.40,106.05,100.35,56330000.00,-2.31%
29-06-2020,99.45,101.40,101.40,98.05,43280000.00,-1.92%
30-06-2020,98.25,101.75,102.30,97.30,50770000.00,-1.21%
01-07-2020,100.75,99.00,101.45,98.20,50870000.00,2.54%
02-07-2020,101.55,100.75,102.95,100.40,48090000.00,0.79%
03-07-2020,103.45,102.85,106.35,102.10,87310000.00,1.87%
06-07-2020,109.00,105.00,109.90,104.50,91970000.00,5.36%
07-07-2020,109.05,109.80,112.60,108.05,85840000.00,0.05%
08-07-2020,105.35,109.50,110.85,104.20,55890000.00,-3.39%
09-07-2020,106.95,106.30,108.95,104.65,54490000.00,1.52%
10-07-2020,107.60,106.70,108.60,105.40,64690000.00,0.61%
13-07-2020,108.00,108.85,112.10,106.85,81900000.00,0.37%
14-07-2020,105.15,106.90,107.55,104.10,46930000.00,-2.64%
15-07-2020,103.20,106.80,106.80,102.50,49690000.00,-1.85%
16-07-2020,102.95,103.95,103.95,100.60,44330000.00,-0.24%
17-07-2020,106.40,103.65,106.95,103.30,42080000.00,3.35%
20-07-2020,105.05,106.35,106.35,103.85,39790000.00,-1.27%
21-07-2020,108.45,106.00,109.70,105.50,66010000.00,3.24%
22-07-2020,105.15,108.50,109.75,104.25,50740000.00,-3.04%
23-07-2020,106.05,105.45,106.45,104.70,30720000.00,0.86%
24-07-2020,103.75,104.70,105.50,102.70,39370000.00,-2.17%
27-07-2020,101.70,104.00,104.50,101.30,29650000.00,-1.98%
28-07-2020,106.45,102.30,107.20,102.00,64270000.00,4.67%
29-07-2020,105.75,108.10,108.75,104.85,44560000.00,-0.66%
30-07-2020,103.65,106.40,106.75,102.85,33380000.00,-1.99%
31-07-2020,104.65,104.00,105.40,102.30,33810000.00,0.96%
03-08-2020,113.05,103.00,114.40,102.90,194770000.00,8.03%
04-08-2020,111.45,112.95,115.10,110.80,95910000.00,-1.42%
05-08-2020,115.40,112.40,117.65,112.00,99370000.00,3.54%
06-08-2020,116.80,116.20,117.70,115.50,60090000.00,1.21%
07-08-2020,119.10,117.00,119.70,116.00,56490000.00,1.97%
10-08-2020,123.85,119.95,124.70,119.70,71100000.00,3.99%
11-08-2020,122.30,125.00,125.80,121.40,50230000.00,-1.25%
12-08-2020,125.35,121.00,126.40,120.60,50720000.00,2.49%
13-08-2020,131.15,126.10,131.90,124.40,95490000.00,4.63%
14-08-2020,124.60,131.15,132.65,123.70,75030000.00,-4.99%
17-08-2020,123.55,124.50,126.25,120.60,61150000.00,-0.84%
18-08-2020,125.60,124.00,127.50,123.60,62150000.00,1.66%
19-08-2020,125.15,127.00,127.60,124.75,45130000.00,-0.36%
20-08-2020,121.70,123.45,125.65,121.10,43530000.00,-2.76%
21-08-2020,120.90,124.20,124.20,120.15,48650000.00,-0.66%
24-08-2020,121.20,122.00,123.00,120.80,31300000.00,0.25%
25-08-2020,127.10,121.80,128.35,121.10,90270000.00,4.87%
26-08-2020,137.90,130.50,139.00,128.35,197520000.00,8.50%
27-08-2020,144.25,140.10,146.85,139.30,181380000.00,4.60%
28-08-2020,142.80,144.15,146.20,140.50,95200000.00,-1.01%
31-08-2020,143.20,144.50,147.95,138.20,160560000.00,0.28%
01-09-2020,143.80,143.40,145.15,140.40,58810000.00,0.42%
02-09-2020,150.30,144.30,151.65,141.45,74950000.00,4.52%
03-09-2020,151.85,151.60,155.20,149.55,110160000.00,1.03%
04-09-2020,147.80,147.90,153.65,147.00,95570000.00,-2.67%
07-09-2020,149.40,150.00,152.00,148.00,82620000.00,1.08%
08-09-2020,142.30,149.45,149.60,141.20,76300000.00,-4.75%
09-09-2020,140.10,141.00,141.75,135.70,105360000.00,-1.55%
10-09-2020,143.30,142.80,144.50,138.00,79610000.00,2.28%
11-09-2020,144.30,143.10,146.80,141.65,65140000.00,0.70%
14-09-2020,148.55,147.20,151.10,145.50,84510000.00,2.95%
15-09-2020,148.40,149.40,149.40,146.55,42890000.00,-0.10%
16-09-2020,151.45,149.20,154.30,148.55,85060000.00,2.06%
17-09-2020,147.65,150.80,151.00,146.20,48120000.00,-2.51%
18-09-2020,147.90,148.70,150.50,146.25,46270000.00,0.17%
21-09-2020,137.45,147.75,147.75,135.50,64740000.00,-7.07%
22-09-2020,133.10,138.00,138.15,129.65,87300000.00,-3.16%
23-09-2020,131.40,135.50,136.70,127.90,74980000.00,-1.28%
24-09-2020,122.80,127.90,128.80,122.15,62420000.00,-6.54%
25-09-2020,127.25,123.70,128.35,123.10,65040000.00,3.62%
28-09-2020,132.85,128.90,134.30,127.50,61830000.00,4.40%
29-09-2020,131.70,134.95,136.00,130.70,63370000.00,-0.87%
30-09-2020,133.30,131.55,134.40,130.30,48860000.00,1.21%
01-10-2020,133.50,135.90,136.50,132.55,40490000.00,0.15%
05-10-2020,133.90,136.95,137.50,132.05,55270000.00,0.30%
06-10-2020,144.75,138.00,145.80,136.00,162050000.00,8.10%
07-10-2020,141.00,144.25,144.50,139.80,68270000.00,-2.59%
08-10-2020,140.95,142.85,143.50,139.60,40940000.00,-0.04%
09-10-2020,138.45,141.15,142.65,138.00,37100000.00,-1.77%
12-10-2020,135.90,139.65,139.65,133.00,39280000.00,-1.84%
13-10-2020,134.10,135.40,137.10,132.85,38970000.00,-1.32%
14-10-2020,130.70,133.75,134.65,128.80,45790000.00,-2.54%
15-10-2020,126.95,131.50,134.35,126.50,64000000.00,-2.87%
16-10-2020,127.75,129.40,130.05,126.00,62550000.00,0.63%
19-10-2020,128.25,129.80,130.40,127.80,33160000.00,0.39%
20-10-2020,129.65,128.10,130.30,126.35,27470000.00,1.09%
21-10-2020,130.25,131.05,133.10,128.30,39250000.00,0.46%
22-10-2020,133.50,129.70,134.60,128.45,48810000.00,2.50%
23-10-2020,137.00,134.90,138.90,134.10,68710000.00,2.62%
26-10-2020,133.70,138.40,140.80,131.25,88530000.00,-2.41%
27-10-2020,135.65,134.15,136.75,130.85,56860000.00,1.46%
28-10-2020,134.80,139.00,143.25,133.50,152360000.00,-0.63%
29-10-2020,131.90,132.00,133.00,130.00,66630000.00,-2.15%
30-10-2020,132.65,133.20,134.50,130.30,51130000.00,0.57%
02-11-2020,132.85,133.65,134.00,131.10,40390000.00,0.15%
03-11-2020,134.10,135.00,137.40,133.55,52070000.00,0.94%
04-11-2020,135.90,135.60,137.00,134.00,44680000.00,1.34%
05-11-2020,137.65,137.00,138.00,136.00,38930000.00,1.29%
06-11-2020,139.00,137.65,142.30,137.65,67970000.00,0.98%
09-11-2020,141.00,140.60,141.50,138.70,40280000.00,1.44%
10-11-2020,146.00,144.05,146.70,142.75,68790000.00,3.55%
11-11-2020,150.95,146.50,151.50,145.65,78580000.00,3.39%
12-11-2020,151.20,150.95,153.85,150.00,56150000.00,0.17%
13-11-2020,146.35,150.00,150.00,145.35,32570000.00,-3.21%
17-11-2020,158.00,152.50,159.35,152.20,82640000.00,7.96%
18-11-2020,173.50,158.85,178.80,158.55,171800000.00,9.81%
19-11-2020,167.95,171.40,176.35,166.55,109450000.00,-3.20%
20-11-2020,169.10,170.05,171.55,165.55,66940000.00,0.68%
23-11-2020,170.70,169.50,173.90,165.55,54570000.00,0.95%
24-11-2020,172.05,171.85,175.50,171.10,47700000.00,0.79%
25-11-2020,171.45,175.00,176.80,169.25,54370000.00,-0.35%
26-11-2020,173.75,171.60,175.00,171.05,39090000.00,1.34%
27-11-2020,180.35,174.65,183.85,174.65,125930000.00,3.80%
01-12-2020,179.75,182.35,182.40,178.10,48880000.00,-0.33%
02-12-2020,183.60,184.00,187.35,181.10,88110000.00,2.14%
03-12-2020,184.85,185.00,186.00,183.25,33330000.00,0.68%
04-12-2020,184.15,186.50,188.80,182.20,48000000.00,-0.38%
07-12-2020,183.55,184.45,186.45,182.70,29800000.00,-0.33%
08-12-2020,181.80,184.95,185.70,178.95,42140000.00,-0.95%
09-12-2020,182.70,183.00,186.40,181.65,40300000.00,0.50%
10-12-2020,177.60,182.70,182.70,176.40,38370000.00,-2.79%
11-12-2020,178.85,177.95,181.45,176.50,43070000.00,0.70%
14-12-2020,177.65,181.00,181.50,176.70,33190000.00,-0.67%
15-12-2020,178.90,176.45,179.70,173.25,41190000.00,0.70%
16-12-2020,182.55,181.00,183.80,180.10,51260000.00,2.04%
17-12-2020,181.70,184.00,184.00,180.65,34100000.00,-0.47%
18-12-2020,180.55,180.90,181.50,176.65,46070000.00,-0.63%
21-12-2020,164.55,176.00,177.55,162.50,75580000.00,-8.86%
22-12-2020,164.95,164.55,169.20,156.70,110010000.00,0.24%
23-12-2020,169.20,165.00,169.70,163.40,56930000.00,2.58%
24-12-2020,175.95,172.00,178.00,172.00,73830000.00,3.99%
28-12-2020,186.35,179.85,187.40,179.00,98010000.00,5.91%
29-12-2020,183.45,187.90,188.45,181.10,71320000.00,-1.56%
30-12-2020,184.15,183.10,185.40,180.40,38580000.00,0.38%
31-12-2020,183.85,184.85,187.50,182.80,48980000.00,-0.16%
01-01-2021,186.50,184.95,187.00,184.50,27330000.00,1.44%
04-01-2021,191.30,191.80,193.00,188.75,63980000.00,2.57%
05-01-2021,193.20,187.10,193.90,185.05,75750000.00,0.99%
06-01-2021,195.40,194.45,197.60,190.65,75620000.00,1.14%
07-01-2021,196.75,197.00,200.35,195.10,66020000.00,0.69%
08-01-2021,198.15,198.75,201.50,197.10,53990000.00,0.71%
11-01-2021,220.65,199.90,225.40,199.65,182480000.00,11.36%
12-01-2021,237.80,227.00,252.40,224.10,390580000.00,7.77%
13-01-2021,242.60,242.90,248.80,238.40,164650000.00,2.02%
14-01-2021,245.10,242.85,249.80,238.60,86820000.00,1.03%
15-01-2021,260.30,246.00,264.65,242.60,250040000.00,6.20%
18-01-2021,245.95,261.65,262.45,241.15,173380000.00,-5.51%
19-01-2021,258.65,251.50,261.70,251.30,136860000.00,5.16%
20-01-2021,274.90,260.00,277.50,258.85,205150000.00,6.28%
21-01-2021,290.60,281.00,299.00,280.00,283610000.00,5.71%
22-01-2021,289.35,295.95,306.90,278.35,316010000.00,-0.43%
25-01-2021,279.15,296.90,299.50,277.35,164350000.00,-3.53%
27-01-2021,267.50,274.90,275.00,265.70,126590000.00,-4.17%
28-01-2021,266.80,260.05,273.40,259.05,129160000.00,-0.26%
29-01-2021,262.70,273.00,278.80,260.60,138440000.00,-1.54%
01-02-2021,279.60,269.75,282.00,255.35,165660000.00,6.43%
02-02-2021,322.00,293.60,328.85,290.40,251970000.00,15.16%
03-02-2021,331.00,339.20,341.90,326.20,224190000.00,2.80%
04-02-2021,326.15,329.00,334.50,322.45,121030000.00,-1.47%
05-02-2021,315.90,327.60,330.00,312.60,103510000.00,-3.14%
08-02-2021,335.95,318.75,339.25,318.00,102120000.00,6.35%
09-02-2021,325.05,337.00,338.50,322.20,105980000.00,-3.24%
10-02-2021,328.90,326.00,332.65,319.50,93470000.00,1.18%
11-02-2021,325.00,326.45,331.35,323.40,55260000.00,-1.19%
12-02-2021,325.40,326.40,330.50,321.25,64090000.00,0.12%
15-02-2021,333.35,329.90,335.80,324.00,78680000.00,2.44%
16-02-2021,329.20,335.45,337.90,327.50,65940000.00,-1.24%
17-02-2021,330.15,326.90,334.25,325.45,52150000.00,0.29%
18-02-2021,323.85,331.50,331.75,321.10,49200000.00,-1.91%
19-02-2021,311.85,321.95,321.95,301.40,80270000.00,-3.71%
22-02-2021,304.50,312.45,313.90,302.15,57720000.00,-2.36%
23-02-2021,324.00,308.50,328.90,308.50,133310000.00,6.40%
24-02-2021,321.65,325.00,330.00,316.50,50820000.00,-0.73%
25-02-2021,333.15,325.35,334.70,323.25,64510000.00,3.58%
26-02-2021,322.95,323.00,332.95,318.85,91900000.00,-3.06%
01-03-2021,328.30,330.00,331.85,322.70,61190000.00,1.66%
02-03-2021,345.75,331.10,347.20,326.45,127710000.00,5.32%
03-03-2021,348.50,348.65,357.00,346.50,92010000.00,0.80%
04-03-2021,339.20,339.00,345.40,337.30,59860000.00,-2.67%
05-03-2021,325.15,333.00,337.85,319.70,86740000.00,-4.14%
08-03-2021,321.25,331.75,331.75,318.80,81930000.00,-1.20%
09-03-2021,315.20,325.00,328.35,309.60,74700000.00,-1.88%
10-03-2021,321.45,319.50,324.45,316.70,58640000.00,1.98%
12-03-2021,317.55,325.05,326.50,314.15,48360000.00,-1.21%
15-03-2021,318.55,320.00,320.40,310.05,45080000.00,0.31%
16-03-2021,319.95,321.00,321.90,315.10,39270000.00,0.44%
17-03-2021,305.80,318.60,320.00,304.00,47260000.00,-4.42%
18-03-2021,307.00,311.00,316.60,299.75,73730000.00,0.39%
19-03-2021,308.95,303.50,311.00,290.20,109930000.00,0.64%
22-03-2021,303.05,306.45,307.50,300.10,56390000.00,-1.91%
23-03-2021,307.40,305.00,312.25,304.00,60240000.00,1.44%
24-03-2021,294.45,303.55,305.00,293.20,61520000.00,-4.21%
25-03-2021,285.55,294.00,294.00,282.25,84530000.00,-3.02%
26-03-2021,296.40,290.50,301.40,290.50,80920000.00,3.80%
30-03-2021,297.05,300.50,301.30,292.70,45260000.00,0.22%
31-03-2021,301.80,299.00,307.50,297.50,58570000.00,1.60%
01-04-2021,307.75,306.75,309.85,303.05,44090000.00,1.97%
05-04-2021,305.05,306.80,311.70,297.20,66180000.00,-0.88%
06-04-2021,307.75,306.15,313.80,304.80,63030000.00,0.89%
07-04-2021,307.80,306.75,310.65,305.10,39070000.00,0.02%
08-04-2021,313.95,307.90,319.80,307.50,62460000.00,2.00%
09-04-2021,318.20,313.20,325.00,312.50,75460000.00,1.35%
12-04-2021,286.55,307.85,307.85,282.90,105340000.00,-9.95%
13-04-2021,302.85,287.25,304.55,280.55,116870000.00,5.69%
15-04-2021,303.50,303.00,307.55,296.50,75260000.00,0.21%
16-04-2021,310.00,302.00,315.00,300.15,75330000.00,2.14%
19-04-2021,301.40,295.00,304.50,292.80,65790000.00,-2.77%
20-04-2021,298.05,307.70,308.15,294.20,56740000.00,-1.11%
22-04-2021,294.55,294.00,302.50,292.20,61020000.00,-1.17%
23-04-2021,294.00,291.00,300.00,290.50,58160000.00,-0.19%
26-04-2021,295.40,297.00,299.00,294.60,30580000.00,0.48%
27-04-2021,301.50,295.70,302.50,295.10,35040000.00,2.06%
28-04-2021,305.90,303.50,309.50,303.00,44670000.00,1.46%
29-04-2021,301.90,308.90,310.00,301.25,36650000.00,-1.31%
30-04-2021,293.85,298.20,301.30,292.55,36120000.00,-2.67%
03-05-2021,293.00,289.30,294.75,285.00,35380000.00,-0.29%
04-05-2021,289.45,296.35,299.75,288.05,38640000.00,-1.21%
05-05-2021,291.50,293.50,293.90,288.50,29350000.00,0.71%
06-05-2021,301.25,291.50,302.00,290.30,45030000.00,3.34%
07-05-2021,302.75,303.00,305.95,300.50,41590000.00,0.50%
10-05-2021,314.85,304.50,315.70,304.00,53260000.00,4.00%
11-05-2021,315.55,309.55,320.75,308.10,58470000.00,0.22%
12-05-2021,326.00,318.25,334.75,316.25,111580000.00,3.31%
14-05-2021,312.25,329.35,329.50,310.00,81310000.00,-4.22%
17-05-2021,321.10,315.40,323.85,311.40,51160000.00,2.83%
18-05-2021,332.45,325.95,336.65,324.00,86150000.00,3.53%
19-05-2021,314.45,313.00,322.95,312.10,119410000.00,-5.41%
20-05-2021,307.70,316.00,316.60,306.10,54040000.00,-2.15%
21-05-2021,313.10,312.00,315.70,309.50,40360000.00,1.75%
24-05-2021,311.85,314.75,315.80,310.20,31960000.00,-0.40%
25-05-2021,315.25,315.55,319.00,313.85,37380000.00,1.09%
26-05-2021,315.50,316.10,320.00,314.80,28640000.00,0.08%
27-05-2021,318.60,317.05,323.45,316.55,49480000.00,0.98%
28-05-2021,318.75,322.65,324.50,316.50,26620000.00,0.05%
31-05-2021,318.75,318.70,319.75,312.10,30920000.00,0.00%
01-06-2021,318.10,319.20,325.70,317.30,32600000.00,-0.20%
02-06-2021,323.00,315.95,324.40,315.60,26320000.00,1.54%
03-06-2021,325.65,325.30,327.70,323.65,21410000.00,0.82%
04-06-2021,334.95,325.15,336.90,324.25,41280000.00,2.86%
07-06-2021,345.50,339.75,351.00,339.75,64990000.00,3.15%
08-06-2021,352.75,346.25,356.65,337.50,44110000.00,2.10%
09-06-2021,343.35,356.20,358.90,339.75,59330000.00,-2.66%
10-06-2021,344.75,345.20,347.85,342.40,24350000.00,0.41%
11-06-2021,350.75,346.00,352.90,344.35,36440000.00,1.74%
14-06-2021,355.95,350.05,357.90,341.10,38480000.00,1.48%
15-06-2021,352.70,355.75,360.75,351.50,35530000.00,-0.91%
16-06-2021,349.35,350.10,356.00,348.10,27550000.00,-0.95%
17-06-2021,345.65,348.40,352.90,342.25,29240000.00,-1.06%
18-06-2021,337.40,345.65,346.90,329.00,49440000.00,-2.39%
21-06-2021,334.30,330.90,335.80,326.20,29120000.00,-0.92%
22-06-2021,337.90,337.10,344.30,336.15,26710000.00,1.08%
23-06-2021,335.25,341.00,343.25,334.30,25740000.00,-0.78%
24-06-2021,334.65,335.00,337.40,333.35,15580000.00,-0.18%
25-06-2021,339.65,335.90,342.80,335.90,22430000.00,1.49%
28-06-2021,342.80,340.80,345.00,337.55,17840000.00,0.93%
29-06-2021,341.55,342.65,346.50,339.60,22460000.00,-0.36%
30-06-2021,339.60,342.00,345.35,338.85,18280000.00,-0.57%
01-07-2021,344.25,341.50,347.40,341.20,27940000.00,1.37%
02-07-2021,344.90,345.30,345.55,340.50,18300000.00,0.19%
05-07-2021,346.10,347.05,350.10,344.00,18400000.00,0.35%
06-07-2021,316.90,348.00,358.20,311.50,164080000.00,-8.44%
07-07-2021,317.10,316.00,319.10,306.25,112180000.00,0.06%
08-07-2021,306.35,314.80,314.80,305.00,87360000.00,-3.39%
09-07-2021,306.30,305.80,308.85,301.85,48810000.00,-0.02%
12-07-2021,307.45,310.80,312.00,306.10,32280000.00,0.38%
13-07-2021,310.95,310.00,312.25,308.15,25740000.00,1.14%
14-07-2021,309.55,310.00,313.30,308.65,21860000.00,-0.45%
15-07-2021,310.25,310.50,312.85,307.60,23620000.00,0.23%
16-07-2021,311.25,311.10,315.45,310.50,25150000.00,0.32%
19-07-2021,308.85,308.95,310.30,306.00,21350000.00,-0.77%
20-07-2021,302.15,307.00,308.00,301.05,27670000.00,-2.17%
22-07-2021,302.55,305.50,307.45,301.05,21340000.00,0.13%
23-07-2021,295.55,300.50,301.90,295.00,33440000.00,-2.31%
26-07-2021,293.15,295.00,297.00,291.00,27500000.00,-0.81%
27-07-2021,291.40,293.00,297.65,288.60,55130000.00,-0.60%
28-07-2021,284.45,290.00,290.90,283.60,36140000.00,-2.39%
29-07-2021,292.90,287.55,295.40,287.55,57730000.00,2.97%
30-07-2021,293.95,294.00,300.00,293.25,30590000.00,0.36%
02-08-2021,296.85,299.15,299.40,295.60,19270000.00,0.99%
03-08-2021,303.70,298.50,304.50,297.70,31060000.00,2.31%
04-08-2021,298.15,304.75,306.45,297.20,26190000.00,-1.83%
05-08-2021,299.70,295.50,300.90,292.75,20700000.00,0.52%
06-08-2021,300.05,300.05,303.40,297.65,16000000.00,0.12%
09-08-2021,298.10,300.75,304.20,296.05,16990000.00,-0.65%
10-08-2021,294.20,297.90,300.20,291.00,15170000.00,-1.31%
11-08-2021,295.45,295.30,297.80,286.45,20800000.00,0.42%
12-08-2021,306.00,297.30,307.40,297.30,33650000.00,3.57%
13-08-2021,307.25,308.80,311.50,303.05,34920000.00,0.41%
16-08-2021,303.70,305.95,307.85,303.05,14350000.00,-1.16%
17-08-2021,297.70,302.80,302.80,292.80,25540000.00,-1.98%
18-08-2021,293.35,296.90,297.75,292.60,18000000.00,-1.46%
20-08-2021,283.10,289.50,290.70,281.00,32580000.00,-3.49%
23-08-2021,276.95,287.20,288.30,275.00,24500000.00,-2.17%
24-08-2021,279.80,278.50,281.50,268.45,37590000.00,1.03%
25-08-2021,284.40,282.80,289.20,282.45,31540000.00,1.64%
26-08-2021,284.30,284.85,287.35,281.65,17860000.00,-0.04%
27-08-2021,285.75,282.90,286.80,281.70,13480000.00,0.51%
30-08-2021,291.95,290.10,293.50,289.90,17220000.00,2.17%
31-08-2021,287.30,291.75,291.95,286.10,36950000.00,-1.59%
01-09-2021,295.25,289.00,297.40,287.30,33100000.00,2.77%
02-09-2021,293.15,295.25,296.30,291.70,14910000.00,-0.71%
03-09-2021,295.55,292.50,296.45,292.00,16590000.00,0.82%
06-09-2021,297.45,297.50,298.95,296.00,16620000.00,0.64%
07-09-2021,294.60,297.35,297.80,290.90,14330000.00,-0.96%
08-09-2021,295.25,293.50,298.80,291.60,14920000.00,0.22%
09-09-2021,298.95,294.00,303.50,293.55,34020000.00,1.25%
13-09-2021,301.20,299.00,302.00,295.50,16340000.00,0.75%
14-09-2021,306.10,302.25,307.20,302.20,23230000.00,1.63%
15-09-2021,311.95,306.10,313.00,306.10,26810000.00,1.91%
16-09-2021,311.65,313.40,315.00,307.65,26250000.00,-0.10%
17-09-2021,308.60,312.00,315.35,306.00,24970000.00,-0.98%
20-09-2021,298.95,304.90,310.25,297.30,19630000.00,-3.13%
21-09-2021,301.95,298.60,302.70,293.10,19440000.00,1.00%
22-09-2021,310.10,303.15,313.80,303.00,29550000.00,2.70%
23-09-2021,321.50,313.20,324.00,313.20,52700000.00,3.68%
24-09-2021,317.95,325.10,326.95,316.05,28900000.00,-1.10%
27-09-2021,331.65,323.15,333.60,323.15,56310000.00,4.31%
28-09-2021,329.30,334.00,336.00,324.50,28500000.00,-0.71%
29-09-2021,330.25,325.00,333.00,324.00,19740000.00,0.29%
30-09-2021,333.35,331.25,337.90,329.10,30270000.00,0.94%
01-10-2021,333.30,332.65,337.30,325.70,29880000.00,-0.02%
04-10-2021,342.00,336.80,343.25,335.15,29550000.00,2.61%
05-10-2021,344.95,340.45,351.50,338.85,31860000.00,0.86%
06-10-2021,336.05,347.00,348.70,335.00,25270000.00,-2.58%
07-10-2021,376.50,341.10,383.00,339.25,163240000.00,12.04%
08-10-2021,382.95,385.90,397.55,380.00,93730000.00,1.71%
11-10-2021,415.75,390.15,420.90,388.00,113410000.00,8.57%
12-10-2021,420.85,423.00,435.70,413.60,97350000.00,1.23%
13-10-2021,506.90,462.90,523.85,462.90,197950000.00,20.45%
14-10-2021,497.60,530.00,530.00,492.00,103630000.00,-1.83%
18-10-2021,509.60,507.00,525.00,503.60,72320000.00,2.41%
19-10-2021,481.90,512.45,517.40,476.05,57430000.00,-5.44%
20-10-2021,486.90,481.80,497.00,471.25,55440000.00,1.04%
21-10-2021,508.00,491.75,510.40,485.75,52610000.00,4.33%
22-10-2021,490.90,509.90,510.70,487.40,42740000.00,-3.37%
25-10-2021,479.90,493.90,496.00,473.25,33110000.00,-2.24%
26-10-2021,508.65,483.50,510.00,483.25,58030000.00,5.99%
27-10-2021,497.90,505.75,506.55,496.00,30360000.00,-2.11%
28-10-2021,481.05,493.90,493.90,478.55,25180000.00,-3.38%
29-10-2021,483.70,482.00,491.60,467.70,31050000.00,0.55%
01-11-2021,485.70,486.45,489.70,469.80,34320000.00,0.41%
02-11-2021,487.85,506.50,510.00,486.50,51580000.00,0.44%
03-11-2021,484.90,483.80,495.00,481.60,22950000.00,-0.60%
04-11-2021,489.70,489.80,493.55,488.00,5530000.00,0.99%
08-11-2021,501.40,493.90,504.85,490.25,31740000.00,2.39%
09-11-2021,509.65,505.00,520.65,503.50,50460000.00,1.65%
10-11-2021,510.75,506.25,515.95,500.20,26620000.00,0.22%
11-11-2021,503.45,510.00,519.00,501.00,29260000.00,-1.43%
12-11-2021,507.05,506.95,509.55,497.35,20730000.00,0.72%
15-11-2021,505.45,506.25,514.90,504.50,18020000.00,-0.32%
16-11-2021,519.05,506.90,526.85,506.20,55900000.00,2.69%
17-11-2021,530.15,520.25,536.70,520.25,48460000.00,2.14%
18-11-2021,509.70,531.45,534.20,501.30,47200000.00,-3.86%
22-11-2021,486.10,512.25,512.25,478.40,40040000.00,-4.63%
23-11-2021,495.50,484.40,499.35,477.00,27550000.00,1.93%
24-11-2021,488.65,499.00,501.80,485.30,20920000.00,-1.38%
25-11-2021,492.75,490.80,495.15,486.50,15340000.00,0.84%
26-11-2021,460.20,486.00,486.75,458.00,51790000.00,-6.61%
29-11-2021,461.45,457.00,470.75,443.10,42820000.00,0.27%
30-11-2021,458.60,466.55,478.00,455.65,35470000.00,-0.62%
01-12-2021,475.25,467.85,478.40,463.55,28260000.00,3.63%
02-12-2021,479.10,479.40,480.45,471.70,21010000.00,0.81%
03-12-2021,480.10,480.00,484.70,477.30,20950000.00,0.21%
06-12-2021,467.20,480.10,480.90,466.00,17470000.00,-2.69%
07-12-2021,481.80,476.85,484.90,471.00,21280000.00,3.12%
08-12-2021,493.90,484.50,495.95,483.50,20580000.00,2.51%
09-12-2021,493.95,498.00,498.50,489.55,16950000.00,0.01%
10-12-2021,494.45,487.75,496.80,486.55,14570000.00,0.10%
13-12-2021,495.35,499.45,506.40,494.20,21920000.00,0.18%
14-12-2021,489.40,491.95,491.95,483.30,17720000.00,-1.20%
15-12-2021,491.65,487.80,497.70,487.25,16260000.00,0.46%
16-12-2021,491.95,495.00,496.50,487.40,13580000.00,0.06%
17-12-2021,470.20,488.00,488.85,468.20,27340000.00,-4.42%
20-12-2021,447.05,459.90,460.00,440.00,33010000.00,-4.92%
21-12-2021,453.60,452.10,460.90,449.85,18840000.00,1.47%
22-12-2021,470.50,458.15,472.15,458.15,22730000.00,3.73%
23-12-2021,472.35,476.00,478.00,470.95,12120000.00,0.39%
24-12-2021,467.60,474.90,474.90,460.00,15490000.00,-1.01%
27-12-2021,471.15,465.70,472.45,460.10,12560000.00,0.76%
28-12-2021,480.20,475.20,482.80,472.65,22860000.00,1.92%
29-12-2021,476.00,478.75,481.60,474.25,10260000.00,-0.87%
30-12-2021,470.40,472.55,476.40,468.60,11920000.00,-1.18%
31-12-2021,482.40,472.70,483.60,471.85,15540000.00,2.55%
03-01-2022,497.60,493.50,500.85,492.00,32750000.00,3.15%
04-01-2022,489.60,496.80,499.00,484.05,24100000.00,-1.61%
05-01-2022,489.75,486.95,492.75,483.55,15420000.00,0.03%
06-01-2022,488.85,481.50,492.95,477.10,16560000.00,-0.18%
07-01-2022,490.60,490.05,495.50,483.75,15530000.00,0.36%
10-01-2022,503.70,493.10,504.90,491.30,25190000.00,2.67%
11-01-2022,501.30,503.00,507.90,498.15,16270000.00,-0.48%
12-01-2022,507.25,505.85,511.85,503.50,16260000.00,1.19%
13-01-2022,511.95,504.00,513.80,494.80,27570000.00,0.93%
14-01-2022,509.90,509.00,515.40,505.65,12660000.00,-0.40%
17-01-2022,525.00,514.80,526.90,512.00,27940000.00,2.96%
18-01-2022,510.80,527.90,528.50,507.15,19350000.00,-2.70%
19-01-2022,520.85,510.00,522.20,504.80,21800000.00,1.97%
20-01-2022,515.70,519.95,523.20,512.00,18360000.00,-0.99%
21-01-2022,501.85,510.40,513.85,494.25,17950000.00,-2.69%
24-01-2022,478.45,499.70,504.30,473.35,25230000.00,-4.66%
25-01-2022,490.55,473.80,492.50,467.65,22570000.00,2.53%
27-01-2022,494.40,480.75,502.70,476.60,26680000.00,0.78%
28-01-2022,497.30,500.50,509.35,495.30,21780000.00,0.59%
31-01-2022,517.75,505.00,520.00,498.20,27310000.00,4.11%
01-02-2022,504.30,508.00,514.75,493.00,48030000.00,-2.60%
02-02-2022,506.40,508.60,514.45,505.15,14310000.00,0.42%
03-02-2022,504.50,509.10,514.30,502.85,15250000.00,-0.38%
04-02-2022,500.60,503.80,507.80,499.00,12660000.00,-0.77%
07-02-2022,494.60,502.90,504.35,492.50,13390000.00,-1.20%
08-02-2022,492.75,498.00,498.50,479.15,23380000.00,-0.37%
09-02-2022,501.25,496.50,503.70,494.70,12430000.00,1.73%
10-02-2022,507.45,506.70,510.50,504.20,14540000.00,1.24%
11-02-2022,498.85,503.25,507.00,497.00,13530000.00,-1.69%
14-02-2022,471.45,487.00,488.50,468.80,22160000.00,-5.49%
15-02-2022,504.00,476.15,505.50,467.30,30620000.00,6.90%
16-02-2022,498.45,504.00,507.90,496.60,20180000.00,-1.10%
17-02-2022,499.95,505.90,511.50,498.30,27940000.00,0.30%
18-02-2022,493.15,498.00,502.65,491.50,15480000.00,-1.36%
21-02-2022,494.45,490.15,500.40,486.10,22590000.00,0.26%
22-02-2022,478.25,480.55,486.30,471.45,27960000.00,-3.28%
23-02-2022,477.00,481.75,485.40,475.30,17700000.00,-0.26%
24-02-2022,427.95,455.95,461.55,405.45,57270000.00,-10.28%
25-02-2022,459.75,444.85,465.70,441.60,48880000.00,7.43%
28-02-2022,454.05,445.00,457.35,440.45,34480000.00,-1.24%
02-03-2022,447.60,452.95,454.25,444.55,25790000.00,-1.42%
03-03-2022,437.10,458.50,458.50,435.00,29600000.00,-2.35%
04-03-2022,417.25,431.85,431.85,414.75,38770000.00,-4.54%
07-03-2022,394.00,401.75,401.75,387.50,44840000.00,-5.57%
08-03-2022,391.75,390.50,395.45,376.35,55540000.00,-0.57%
09-03-2022,405.90,394.95,409.25,389.50,48380000.00,3.61%
10-03-2022,419.60,427.00,434.95,414.00,59780000.00,3.38%
11-03-2022,418.15,413.60,421.15,407.40,51510000.00,-0.35%
14-03-2022,411.70,418.75,419.00,404.00,40720000.00,-1.54%
15-03-2022,413.65,409.85,424.20,408.00,47710000.00,0.47%
16-03-2022,424.90,427.05,428.55,420.70,27190000.00,2.72%
17-03-2022,433.80,432.00,435.70,429.55,26700000.00,2.09%
21-03-2022,427.95,435.50,436.30,427.10,18270000.00,-1.35%
22-03-2022,440.35,428.10,441.45,421.20,30440000.00,2.90%
23-03-2022,435.80,443.50,447.00,434.60,25470000.00,-1.03%
24-03-2022,433.20,430.00,435.40,427.55,17110000.00,-0.60%
25-03-2022,432.10,437.00,437.00,427.65,15100000.00,-0.25%
28-03-2022,432.70,432.00,434.95,426.50,16760000.00,0.14%
29-03-2022,433.70,436.00,439.35,431.40,18710000.00,0.23%
30-03-2022,435.65,438.45,442.50,434.25,18150000.00,0.45%
31-03-2022,433.75,436.00,438.30,432.60,14250000.00,-0.44%
01-04-2022,441.15,434.00,442.25,430.85,19380000.00,1.71%
04-04-2022,446.75,444.40,449.50,441.30,18660000.00,1.27%
05-04-2022,458.05,450.00,461.90,448.30,28530000.00,2.53%
06-04-2022,456.15,455.90,462.70,452.60,24970000.00,-0.41%
07-04-2022,449.50,456.50,459.10,448.50,19950000.00,-1.46%
08-04-2022,452.05,450.00,456.25,449.70,16320000.00,0.57%
11-04-2022,452.05,457.00,458.90,451.00,14340000.00,0.00%
12-04-2022,438.30,450.80,450.80,435.00,22700000.00,-3.04%
13-04-2022,431.05,441.80,442.85,430.10,16820000.00,-1.65%
18-04-2022,433.80,430.00,436.35,423.65,15300000.00,0.64%
19-04-2022,424.95,436.75,440.25,417.00,12670000.00,-2.04%
20-04-2022,440.55,431.00,441.70,428.25,19640000.00,3.67%
21-04-2022,448.05,444.50,449.35,441.05,14120000.00,1.70%
22-04-2022,438.85,442.05,447.25,438.00,14360000.00,-2.05%
25-04-2022,425.15,432.75,436.00,423.15,14730000.00,-3.12%
26-04-2022,434.90,433.90,437.45,431.60,13580000.00,2.29%
27-04-2022,430.25,429.25,432.95,425.10,13700000.00,-1.07%
28-04-2022,436.05,434.80,439.20,430.80,13880000.00,1.35%
29-04-2022,437.60,440.20,447.75,436.00,21990000.00,0.36%
02-05-2022,432.85,437.95,442.95,428.50,18950000.00,-1.09%
04-05-2022,423.50,437.95,440.60,420.70,14930000.00,-2.16%
05-05-2022,426.30,429.00,434.00,423.70,12240000.00,0.66%
06-05-2022,408.55,418.85,420.20,407.00,25140000.00,-4.16%
09-05-2022,403.95,407.15,407.40,395.00,18080000.00,-1.13%
10-05-2022,391.75,400.00,408.50,389.60,16540000.00,-3.02%
11-05-2022,388.15,396.00,397.00,377.55,29220000.00,-0.92%
12-05-2022,372.30,382.00,384.65,366.20,33510000.00,-4.08%
13-05-2022,404.30,387.00,419.35,387.00,71430000.00,8.60%
16-05-2022,405.35,411.90,411.90,396.25,24940000.00,0.26%
17-05-2022,424.15,408.40,425.65,405.00,24650000.00,4.64%
18-05-2022,415.15,424.00,427.35,414.05,20490000.00,-2.12%
19-05-2022,398.65,400.00,406.80,396.20,17710000.00,-3.97%
20-05-2022,418.00,410.00,421.40,410.00,23500000.00,4.85%
23-05-2022,421.45,421.65,431.15,419.55,16350000.00,0.83%
24-05-2022,425.75,423.90,427.50,416.00,14530000.00,1.02%
25-05-2022,417.00,428.45,429.00,413.45,13540000.00,-2.06%
26-05-2022,420.65,422.00,422.65,405.00,17710000.00,0.88%
27-05-2022,429.60,426.05,433.25,425.20,16870000.00,2.13%
30-05-2022,442.40,437.00,445.20,436.00,18500000.00,2.98%
31-05-2022,443.55,443.95,449.50,440.40,22310000.00,0.26%
01-06-2022,444.60,445.10,446.00,439.60,11930000.00,0.24%
02-06-2022,439.15,445.00,445.60,435.65,12740000.00,-1.23%
03-06-2022,431.90,444.90,445.05,430.50,12780000.00,-1.65%
06-06-2022,432.35,427.90,433.95,424.60,11900000.00,0.10%
07-06-2022,435.85,432.50,438.20,429.10,11150000.00,0.81%
08-06-2022,435.65,438.70,440.40,432.00,12840000.00,-0.05%
09-06-2022,428.50,431.90,435.65,426.10,13040000.00,-1.64%
10-06-2022,428.05,423.00,428.85,422.00,11910000.00,-0.11%
13-06-2022,406.70,414.90,418.15,405.60,17440000.00,-4.99%
14-06-2022,405.15,403.00,411.85,397.70,19630000.00,-0.38%
15-06-2022,414.10,410.00,416.40,407.45,15190000.00,2.21%
16-06-2022,392.95,420.00,420.90,390.10,22260000.00,-5.11%
17-06-2022,388.95,387.95,394.45,382.65,24820000.00,-1.02%
20-06-2022,382.70,390.55,392.95,376.65,17050000.00,-1.61%
21-06-2022,397.60,389.00,399.00,387.00,14740000.00,3.89%
22-06-2022,393.10,396.40,397.00,390.50,12430000.00,-1.13%
23-06-2022,407.20,396.30,409.90,394.55,26510000.00,3.59%
24-06-2022,409.30,410.00,412.85,406.15,14810000.00,0.52%
27-06-2022,414.50,417.55,419.45,412.35,12020000.00,1.27%
28-06-2022,417.10,411.30,418.20,409.15,13240000.00,0.63%
29-06-2022,416.95,412.05,419.90,411.55,13100000.00,-0.04%
30-06-2022,411.80,418.30,424.00,410.00,20120000.00,-1.24%
01-07-2022,411.43,409.39,413.33,401.06,14730000.00,-0.09%
04-07-2022,407.19,410.28,413.62,403.75,11530000.00,-1.03%
05-07-2022,410.73,413.72,417.51,408.94,16770000.00,0.87%
06-07-2022,415.07,412.73,416.02,409.39,12200000.00,1.06%
07-07-2022,429.52,418.61,431.62,418.01,17620000.00,3.48%
08-07-2022,440.19,434.91,442.48,427.98,23730000.00,2.48%
11-07-2022,435.71,436.70,439.84,432.12,12620000.00,-1.02%
12-07-2022,429.23,431.67,433.66,426.83,9520000.00,-1.49%
13-07-2022,425.79,431.37,434.51,424.34,10180000.00,-0.80%
14-07-2022,426.73,426.68,429.92,422.00,10740000.00,0.22%
15-07-2022,438.85,429.33,440.39,428.38,15770000.00,2.84%
18-07-2022,449.51,442.58,452.40,441.84,21190000.00,2.43%
19-07-2022,447.67,445.38,450.46,443.08,11550000.00,-0.41%
20-07-2022,452.05,452.95,459.33,450.36,17150000.00,0.98%
21-07-2022,453.45,451.56,454.10,448.71,10930000.00,0.31%
22-07-2022,453.50,455.20,458.54,450.91,10340000.00,0.01%
25-07-2022,448.17,454.60,456.19,444.93,12510000.00,-1.18%
26-07-2022,439.79,447.32,447.32,438.40,11560000.00,-1.87%
27-07-2022,442.68,439.79,443.63,434.76,10080000.00,0.66%
28-07-2022,440.89,438.90,447.87,426.08,36380000.00,-0.41%
29-07-2022,448.22,443.78,451.31,443.78,16000000.00,1.66%
01-08-2022,477.73,450.56,479.52,449.66,43080000.00,6.58%
02-08-2022,474.79,477.43,478.42,467.81,19070000.00,-0.62%
03-08-2022,466.36,473.54,474.79,458.19,19130000.00,-1.77%
04-08-2022,467.46,471.70,472.49,455.05,18540000.00,0.24%
05-08-2022,463.82,467.46,471.45,462.57,11920000.00,-0.78%
08-08-2022,466.81,464.57,470.45,463.02,10560000.00,0.64%
10-08-2022,474.09,468.55,475.73,461.92,13360000.00,1.56%
11-08-2022,475.18,481.07,483.51,474.14,12780000.00,0.23%
12-08-2022,476.08,474.29,479.97,468.55,13480000.00,0.19%
16-08-2022,488.34,478.13,489.89,476.73,16800000.00,2.58%
17-08-2022,483.91,489.39,492.88,482.71,15950000.00,-0.91%
18-08-2022,483.31,482.51,485.30,477.78,12070000.00,-0.12%
19-08-2022,469.55,485.25,486.60,466.66,16640000.00,-2.85%
22-08-2022,453.20,467.06,467.51,451.16,15050000.00,-3.48%
23-08-2022,459.03,447.62,460.68,446.22,17780000.00,1.29%
24-08-2022,461.77,457.59,463.47,456.29,12210000.00,0.60%
25-08-2022,457.79,464.57,467.36,455.99,11260000.00,-0.86%
26-08-2022,463.62,463.57,469.00,462.52,11250000.00,1.27%
29-08-2022,451.95,449.61,455.49,448.77,11650000.00,-2.52%
30-08-2022,469.65,457.24,470.95,455.69,14420000.00,3.92%
01-09-2022,465.46,461.08,472.94,460.73,13390000.00,-0.89%
02-09-2022,460.33,469.40,470.35,458.73,10810000.00,-1.10%
05-09-2022,457.59,458.34,462.52,455.59,9380000.00,-0.60%
06-09-2022,456.34,461.28,462.27,455.20,9810000.00,-0.27%
07-09-2022,444.48,451.81,455.10,442.29,20760000.00,-2.60%
08-09-2022,440.84,451.06,451.16,438.65,19340000.00,-0.82%
09-09-2022,444.53,446.12,448.27,439.24,14290000.00,0.84%
12-09-2022,449.61,446.32,451.61,445.63,8960000.00,1.14%
13-09-2022,455.39,452.90,457.54,452.15,10660000.00,1.29%
14-09-2022,448.82,446.22,453.30,445.63,10360000.00,-1.44%
15-09-2022,445.87,451.01,454.45,444.68,10360000.00,-0.66%
16-09-2022,431.17,444.63,445.03,427.78,20990000.00,-3.30%
19-09-2022,424.14,430.17,430.27,422.75,15240000.00,-1.63%
20-09-2022,432.91,429.27,441.99,429.27,17560000.00,2.07%
21-09-2022,426.33,432.61,434.66,424.19,10830000.00,-1.52%
22-09-2022,430.87,423.69,433.26,421.25,13600000.00,1.06%
23-09-2022,421.80,430.57,430.57,419.26,13440000.00,-2.11%
26-09-2022,396.28,414.72,416.61,391.94,33230000.00,-6.05%
27-09-2022,397.57,402.66,402.76,389.15,21930000.00,0.33%
28-09-2022,397.87,393.68,405.35,391.64,18110000.00,0.08%
29-09-2022,401.01,409.74,411.98,398.37,20730000.00,0.79%
30-09-2022,403.36,396.78,406.99,391.29,20950000.00,0.58%
03-10-2022,396.43,404.25,405.30,394.28,20330000.00,-1.72%
04-10-2022,406.64,404.75,407.69,401.66,12760000.00,2.58%
06-10-2022,412.83,408.34,416.36,408.24,12770000.00,1.52%
07-10-2022,410.88,412.13,412.73,407.44,10670000.00,-0.47%
10-10-2022,394.73,402.16,402.16,391.84,32910000.00,-3.93%
11-10-2022,392.14,395.78,398.27,390.10,14640000.00,-0.66%
12-10-2022,395.33,393.34,396.98,389.90,14290000.00,0.81%
13-10-2022,397.77,395.33,402.26,393.34,12580000.00,0.62%
14-10-2022,395.03,405.75,407.94,394.08,12880000.00,-0.69%
17-10-2022,394.88,392.79,397.67,391.29,9540000.00,-0.04%
18-10-2022,403.01,399.77,405.45,399.47,14220000.00,2.06%
19-10-2022,397.82,404.95,405.70,396.08,8650000.00,-1.29%
20-10-2022,396.88,395.78,398.67,391.89,10750000.00,-0.24%
21-10-2022,396.83,395.78,401.01,393.49,10280000.00,-0.01%
24-10-2022,400.36,404.75,404.75,398.92,2870000.00,0.89%
25-10-2022,403.31,403.11,409.24,401.96,17980000.00,0.73%
27-10-2022,406.45,407.29,410.43,402.76,14610000.00,0.78%
28-10-2022,408.64,406.74,409.93,404.85,12490000.00,0.54%
31-10-2022,411.48,413.08,415.02,410.33,9930000.00,0.70%
01-11-2022,420.05,413.62,421.10,411.53,17320000.00,2.08%
02-11-2022,420.85,421.75,423.79,418.86,12430000.00,0.19%
03-11-2022,414.97,418.11,422.00,413.23,10990000.00,-1.40%
04-11-2022,424.04,416.91,424.69,415.62,12280000.00,2.19%
07-11-2022,433.66,426.93,436.15,426.93,15060000.00,2.27%
09-11-2022,431.82,437.85,439.84,430.67,14470000.00,-0.43%
10-11-2022,410.93,419.21,419.26,407.94,26250000.00,-4.84%
11-11-2022,422.20,418.71,424.19,413.42,19300000.00,2.74%
14-11-2022,432.37,422.70,436.35,422.20,18000000.00,2.41%
15-11-2022,435.80,433.56,437.15,432.77,10700000.00,0.80%
16-11-2022,430.22,435.61,436.85,428.28,8210000.00,-1.28%
17-11-2022,421.85,420.70,426.23,418.31,15620000.00,-1.95%
18-11-2022,422.50,422.70,425.14,419.86,9850000.00,0.15%
21-11-2022,419.80,424.29,426.29,418.71,9500000.00,-0.64%
22-11-2022,423.39,419.70,425.09,419.21,6410000.00,0.85%
23-11-2022,422.75,425.54,427.98,421.55,6570000.00,-0.15%
24-11-2022,422.10,423.19,423.94,419.41,6770000.00,-0.15%
25-11-2022,431.87,423.69,433.81,422.70,18760000.00,2.31%
28-11-2022,431.92,433.66,438.99,431.07,10700000.00,0.01%
29-11-2022,431.82,431.17,436.55,428.23,8630000.00,-0.02%
30-11-2022,438.05,433.66,439.64,431.97,14730000.00,1.44%
01-12-2022,436.90,441.64,442.23,435.51,8910000.00,-0.26%
02-12-2022,434.06,437.65,439.79,433.66,8350000.00,-0.65%
05-12-2022,427.43,434.16,436.15,426.48,12860000.00,-1.53%
06-12-2022,425.79,427.48,430.02,424.04,8460000.00,-0.38%
07-12-2022,418.81,426.68,426.68,417.81,12130000.00,-1.64%
08-12-2022,415.92,419.70,420.10,414.07,9540000.00,-0.69%
09-12-2022,412.03,418.01,419.65,408.29,9920000.00,-0.93%
12-12-2022,412.88,410.73,415.62,406.74,8010000.00,0.21%
13-12-2022,417.21,418.66,420.20,415.97,9720000.00,1.05%
14-12-2022,416.61,419.26,420.05,416.07,6310000.00,-0.14%
15-12-2022,415.42,417.56,421.50,414.42,7540000.00,-0.29%
16-12-2022,420.30,416.07,426.48,411.83,50950000.00,1.18%
19-12-2022,416.71,420.60,421.55,414.22,9810000.00,-0.85%
20-12-2022,409.24,416.71,416.71,406.74,12340000.00,-1.79%
21-12-2022,401.36,411.33,413.13,399.77,11610000.00,-1.92%
22-12-2022,393.24,402.86,403.45,389.00,14910000.00,-2.02%
23-12-2022,377.19,388.80,388.80,375.84,19900000.00,-4.08%
26-12-2022,383.62,379.08,389.50,374.05,16980000.00,1.70%
27-12-2022,392.94,388.80,396.23,387.30,14370000.00,2.43%
28-12-2022,390.10,392.79,394.68,389.20,8440000.00,-0.72%
29-12-2022,384.71,387.80,388.80,381.87,15630000.00,-1.38%
30-12-2022,386.76,389.80,390.99,385.81,9200000.00,0.53%
02-01-2023,393.59,391.29,394.78,389.80,10500000.00,1.77%
03-01-2023,392.69,394.78,397.13,391.79,9430000.00,-0.23%
04-01-2023,384.41,393.59,393.59,383.82,16120000.00,-2.11%
05-01-2023,385.71,386.71,387.55,381.32,10440000.00,0.34%
06-01-2023,380.83,384.91,387.20,379.83,8720000.00,-1.27%
09-01-2023,388.25,385.16,391.49,383.82,14690000.00,1.95%
10-01-2023,411.63,398.77,416.46,398.77,54020000.00,6.02%
11-01-2023,416.91,414.47,418.71,412.28,22220000.00,1.28%
12-01-2023,410.98,419.01,419.21,408.79,12480000.00,-1.42%
13-01-2023,410.23,411.73,415.07,406.74,10450000.00,-0.18%
16-01-2023,411.73,412.23,413.62,406.35,11460000.00,0.36%
17-01-2023,414.02,411.73,418.16,411.23,12340000.00,0.56%
18-01-2023,407.14,414.62,414.67,406.20,13310000.00,-1.66%
19-01-2023,399.52,405.25,406.55,398.87,13130000.00,-1.87%
20-01-2023,401.91,402.76,411.23,399.97,23910000.00,0.60%
23-01-2023,407.14,405.75,409.69,403.75,13110000.00,1.30%
24-01-2023,420.85,408.74,422.70,408.74,30200000.00,3.37%
25-01-2023,417.76,422.45,425.94,416.42,22980000.00,-0.73%
27-01-2023,444.23,436.65,452.01,433.81,63360000.00,6.34%
30-01-2023,442.29,444.23,448.62,436.30,18320000.00,-0.44%
31-01-2023,450.71,442.33,453.40,439.54,25150000.00,1.90%
01-02-2023,445.28,455.39,460.08,436.30,23800000.00,-1.21%
02-02-2023,443.43,445.38,447.82,439.34,11340000.00,-0.41%
03-02-2023,444.08,445.63,449.41,440.99,13070000.00,0.15%
06-02-2023,440.64,443.08,445.63,438.20,6800000.00,-0.77%
07-02-2023,434.11,440.34,442.04,431.57,9020000.00,-1.48%
08-02-2023,438.75,434.11,439.64,430.22,8670000.00,1.07%
09-02-2023,435.41,438.65,439.34,432.22,7350000.00,-0.76%
10-02-2023,444.48,436.60,446.42,429.87,14800000.00,2.08%
13-02-2023,439.69,444.13,445.52,437.55,8330000.00,-1.08%
14-02-2023,439.20,440.64,442.93,433.06,8570000.00,-0.11%
15-02-2023,442.78,437.15,443.53,436.80,9860000.00,0.82%
16-02-2023,440.24,443.63,446.87,439.14,7670000.00,-0.57%
17-02-2023,438.55,434.66,441.09,434.66,6960000.00,-0.39%
20-02-2023,441.64,440.44,443.93,434.91,9720000.00,0.70%
21-02-2023,435.16,443.83,443.83,433.91,8960000.00,-1.47%
22-02-2023,428.13,433.96,434.51,426.93,7210000.00,-1.62%
23-02-2023,431.87,427.33,435.11,425.89,9280000.00,0.87%
24-02-2023,426.43,434.06,435.36,425.69,7900000.00,-1.26%
27-02-2023,416.66,426.43,426.73,411.78,10440000.00,-2.29%
28-02-2023,419.41,417.71,423.49,417.71,9650000.00,0.66%
01-03-2023,424.69,420.20,426.68,420.20,7600000.00,1.26%
02-03-2023,419.16,424.69,424.94,418.26,5660000.00,-1.30%
03-03-2023,426.68,421.30,429.18,420.65,8030000.00,1.80%
06-03-2023,438.75,429.62,440.09,428.68,11310000.00,2.83%
08-03-2023,437.95,437.65,439.89,434.76,7850000.00,-0.18%
09-03-2023,430.87,437.75,440.69,429.97,5700000.00,-1.62%
10-03-2023,434.51,431.67,436.45,429.48,10420000.00,0.84%
13-03-2023,421.10,434.76,435.66,417.81,8780000.00,-3.09%
14-03-2023,415.37,421.55,422.89,412.13,9190000.00,-1.36%
15-03-2023,410.08,420.70,423.69,408.84,7680000.00,-1.27%
16-03-2023,414.42,412.03,417.21,403.75,11850000.00,1.06%
17-03-2023,417.71,417.71,422.15,413.27,8660000.00,0.79%
20-03-2023,409.49,414.32,415.67,404.25,10080000.00,-1.97%
21-03-2023,411.28,411.58,412.63,406.45,7390000.00,0.44%
22-03-2023,414.82,414.72,417.11,412.48,5730000.00,0.86%
23-03-2023,417.86,414.72,421.20,414.72,9820000.00,0.73%
24-03-2023,415.22,417.71,419.26,413.52,6880000.00,-0.63%
27-03-2023,410.78,414.72,417.21,408.99,7430000.00,-1.07%
28-03-2023,400.36,412.88,413.23,399.22,9550000.00,-2.54%
29-03-2023,407.94,400.36,409.34,400.36,10480000.00,1.89%
31-03-2023,419.51,410.08,420.45,409.74,11040000.00,2.83%
03-04-2023,422.95,421.70,423.64,418.21,6950000.00,0.82%
05-04-2023,425.24,422.95,427.43,421.85,8820000.00,0.54%
06-04-2023,436.30,425.19,437.95,422.45,10910000.00,2.60%
10-04-2023,459.88,450.66,471.84,450.61,50460000.00,5.40%
11-04-2023,457.29,462.32,462.32,454.40,14500000.00,-0.56%
12-04-2023,464.07,457.94,467.16,456.79,13550000.00,1.48%
13-04-2023,468.06,463.52,470.55,461.83,12730000.00,0.86%
17-04-2023,470.70,469.55,471.55,464.37,10710000.00,0.56%
18-04-2023,471.55,473.54,481.86,466.66,16140000.00,0.18%
19-04-2023,467.96,471.55,474.04,466.41,7370000.00,-0.76%
20-04-2023,475.33,472.24,478.22,467.96,14260000.00,1.58%
21-04-2023,469.75,475.23,475.23,465.76,8480000.00,-1.17%
24-04-2023,473.74,469.75,474.54,466.86,8020000.00,0.85%
25-04-2023,472.09,473.74,474.93,470.45,6890000.00,-0.35%
26-04-2023,476.73,471.55,478.02,471.15,7790000.00,0.98%
27-04-2023,480.12,477.03,480.52,475.03,7090000.00,0.71%
28-04-2023,483.46,479.92,486.50,476.88,9950000.00,0.70%
02-05-2023,478.77,481.02,482.51,473.09,11540000.00,-0.97%
03-05-2023,482.21,478.77,483.61,476.28,8530000.00,0.72%
04-05-2023,479.32,482.11,484.90,477.28,5650000.00,-0.60%
05-05-2023,475.63,480.17,483.21,474.68,4830000.00,-0.77%
08-05-2023,498.96,478.52,500.76,476.63,23520000.00,4.90%
09-05-2023,502.10,500.46,511.22,500.01,19820000.00,0.63%
10-05-2023,507.93,506.44,511.32,502.80,12480000.00,1.16%
11-05-2023,510.03,510.42,512.57,503.95,11450000.00,0.41%
12-05-2023,514.36,512.32,518.90,508.73,19770000.00,0.85%
15-05-2023,529.22,522.24,535.50,519.90,38270000.00,2.89%
16-05-2023,519.55,532.31,534.30,517.25,16510000.00,-1.83%
17-05-2023,513.91,520.89,522.34,510.92,13680000.00,-1.08%
18-05-2023,506.89,517.20,519.30,505.54,12290000.00,-1.37%
19-05-2023,523.34,508.23,524.78,503.20,19340000.00,3.25%
22-05-2023,520.89,523.34,525.38,517.75,9980000.00,-0.47%
23-05-2023,526.87,520.89,529.37,519.55,12260000.00,1.15%
24-05-2023,518.60,525.53,528.02,517.55,7650000.00,-1.57%
25-05-2023,513.27,516.41,516.41,507.53,11540000.00,-1.03%
26-05-2023,516.85,513.32,518.15,510.62,8360000.00,0.70%
29-05-2023,519.85,523.39,523.48,518.10,6600000.00,0.58%
30-05-2023,517.20,519.85,521.89,516.41,5130000.00,-0.51%
31-05-2023,524.68,518.35,525.88,514.81,12330000.00,1.45%
01-06-2023,533.55,525.88,534.60,521.24,12510000.00,1.69%
02-06-2023,534.25,535.35,539.59,531.11,12290000.00,0.13%
05-06-2023,544.57,537.34,547.11,536.24,15010000.00,1.93%
06-06-2023,554.04,547.76,555.29,543.67,15400000.00,1.74%
07-06-2023,566.20,557.08,573.23,550.45,20860000.00,2.20%
08-06-2023,557.98,568.25,574.78,555.29,21530000.00,-1.45%
09-06-2023,560.57,562.66,564.71,557.58,9360000.00,0.46%
12-06-2023,562.41,565.26,567.15,558.92,7600000.00,0.33%
13-06-2023,560.47,565.95,569.29,559.03,12850000.00,-0.35%
14-06-2023,568.55,564.26,569.44,562.27,12710000.00,1.44%
15-06-2023,566.70,570.04,573.23,566.00,12480000.00,-0.32%
16-06-2023,568.05,567.90,570.44,564.31,8740000.00,0.24%
19-06-2023,564.31,568.90,571.44,562.47,6280000.00,-0.66%
20-06-2023,581.46,564.31,582.15,560.77,18070000.00,3.04%
21-06-2023,579.61,583.15,584.10,572.73,9150000.00,-0.32%
22-06-2023,567.60,582.20,582.90,566.45,11230000.00,-2.07%
23-06-2023,557.93,568.25,569.39,555.98,9360000.00,-1.70%
26-06-2023,566.10,558.28,567.25,556.08,6990000.00,1.47%
27-06-2023,571.34,568.25,575.13,566.70,9400000.00,0.92%
28-06-2023,584.84,577.22,588.18,573.73,16720000.00,2.36%
30-06-2023,593.72,586.54,597.16,586.19,12490000.00,1.52%
03-07-2023,588.98,598.15,600.45,588.18,11130000.00,-0.80%
04-07-2023,589.63,592.57,594.57,587.69,6920000.00,0.11%
05-07-2023,586.44,590.18,591.18,583.15,8720000.00,-0.54%
06-07-2023,598.95,588.98,603.09,586.74,14360000.00,2.13%
07-07-2023,616.30,598.15,622.88,590.38,21070000.00,2.90%
10-07-2023,616.75,622.08,632.85,615.65,23800000.00,0.07%
11-07-2023,626.57,623.03,628.51,620.24,12050000.00,1.59%
12-07-2023,619.54,628.01,628.86,617.45,10790000.00,-1.12%
13-07-2023,618.74,623.08,624.57,613.61,9690000.00,-0.13%
14-07-2023,622.98,621.08,624.07,617.59,7010000.00,0.68%
17-07-2023,616.60,624.97,625.07,615.25,7580000.00,-1.02%
18-07-2023,610.22,618.49,618.94,605.13,10360000.00,-1.03%
19-07-2023,618.69,612.11,623.38,608.27,11130000.00,1.39%
20-07-2023,619.74,620.73,621.68,614.30,7830000.00,0.17%
21-07-2023,623.83,619.09,629.06,615.80,12910000.00,0.66%
24-07-2023,627.31,626.02,632.50,624.32,12250000.00,0.56%
25-07-2023,637.48,634.04,640.52,631.40,13990000.00,1.62%
26-07-2023,639.13,638.03,663.35,637.03,31670000.00,0.26%
27-07-2023,641.72,645.01,646.46,634.79,11700000.00,0.41%
28-07-2023,633.35,644.01,644.01,629.86,9300000.00,-1.30%
31-07-2023,642.32,638.23,643.56,633.94,7500000.00,1.42%
01-08-2023,641.67,643.02,650.89,640.03,8920000.00,-0.10%
02-08-2023,620.73,642.02,642.32,614.55,15760000.00,-3.26%
03-08-2023,617.05,621.08,624.52,612.26,11460000.00,-0.59%
04-08-2023,613.11,622.93,623.08,611.41,11810000.00,-0.64%
07-08-2023,607.63,617.10,617.10,606.63,9890000.00,-0.89%
08-08-2023,605.43,610.67,612.86,603.39,8860000.00,-0.36%
09-08-2023,620.64,608.72,622.08,603.49,13360000.00,2.51%
10-08-2023,616.35,621.08,626.37,596.16,53120000.00,-0.69%
11-08-2023,609.92,617.84,622.83,608.12,9350000.00,-1.04%
14-08-2023,605.48,610.12,610.12,592.67,14490000.00,-0.73%
16-08-2023,616.85,604.83,619.44,595.46,14560000.00,1.88%
17-08-2023,611.86,618.09,620.09,609.12,12120000.00,-0.81%
18-08-2023,613.91,610.91,618.19,609.02,11190000.00,0.33%
21-08-2023,618.59,615.10,621.38,612.91,9580000.00,0.76%
22-08-2023,618.29,619.89,624.57,616.70,8530000.00,-0.05%
23-08-2023,612.01,620.83,620.83,611.26,8250000.00,-1.02%
24-08-2023,609.07,616.10,617.10,607.78,7100000.00,-0.48%
25-08-2023,603.24,608.97,614.80,591.47,16080000.00,-0.96%
28-08-2023,600.55,603.54,606.63,599.70,7480000.00,-0.45%
29-08-2023,605.28,601.74,608.62,601.74,6960000.00,0.79%
30-08-2023,603.69,609.32,611.02,603.14,5680000.00,-0.26%
31-08-2023,599.15,606.93,607.78,597.21,10540000.00,-0.75%
01-09-2023,609.32,602.34,613.01,600.05,10300000.00,1.70%
04-09-2023,607.13,613.71,613.71,604.14,8390000.00,-0.36%
05-09-2023,609.27,608.12,617.00,606.18,8560000.00,0.35%
06-09-2023,608.37,609.27,610.67,603.74,6520000.00,-0.15%
07-09-2023,613.01,609.02,614.60,607.18,6520000.00,0.76%
08-09-2023,625.32,616.05,626.97,612.31,16190000.00,2.01%
11-09-2023,632.90,632.70,633.45,628.56,8780000.00,1.21%
12-09-2023,618.89,636.04,637.03,613.36,12540000.00,-2.21%
13-09-2023,623.97,619.09,626.57,617.64,6990000.00,0.82%
14-09-2023,622.68,626.17,628.86,621.38,5720000.00,-0.21%
15-09-2023,632.30,626.77,634.54,625.22,18920000.00,1.54%
18-09-2023,638.68,633.94,642.22,631.20,11110000.00,1.01%
20-09-2023,636.54,638.73,645.01,635.04,11780000.00,-0.34%
21-09-2023,625.12,636.54,639.73,622.08,9270000.00,-1.79%
22-09-2023,618.54,626.07,628.86,617.10,6550000.00,-1.05%
25-09-2023,616.80,621.93,623.28,616.00,6390000.00,-0.28%
26-09-2023,617.89,616.80,623.78,616.05,6270000.00,0.18%
27-09-2023,618.24,618.04,619.99,614.85,5960000.00,0.06%
28-09-2023,612.21,620.98,621.88,610.37,6770000.00,-0.98%
29-09-2023,628.26,616.80,631.05,615.10,8970000.00,2.62%
03-10-2023,618.54,630.65,630.70,616.70,6890000.00,-1.55%
04-10-2023,611.71,618.89,618.89,606.43,7610000.00,-1.10%
05-10-2023,617.69,617.10,619.44,612.76,7890000.00,0.98%
06-10-2023,620.53,625.07,625.42,618.09,7920000.00,0.46%
09-10-2023,615.45,618.89,620.09,611.81,6380000.00,-0.82%
10-10-2023,628.61,618.09,630.55,615.70,9830000.00,2.14%
11-10-2023,632.05,631.05,635.84,630.65,7700000.00,0.55%
12-10-2023,634.99,635.04,638.23,633.10,5930000.00,0.47%
13-10-2023,665.05,632.00,666.94,631.05,28010000.00,4.73%
16-10-2023,664.15,666.49,675.72,659.22,20010000.00,-0.13%
17-10-2023,653.68,667.94,668.84,652.64,10260000.00,-1.58%
18-10-2023,666.44,656.57,670.18,651.79,14910000.00,1.95%
19-10-2023,666.74,660.91,670.23,656.57,10630000.00,0.04%
20-10-2023,661.16,664.60,674.32,658.47,11760000.00,-0.84%
23-10-2023,645.36,661.61,665.20,643.02,8560000.00,-2.39%
25-10-2023,635.89,648.00,649.90,634.09,8230000.00,-1.47%
26-10-2023,624.62,633.05,633.70,622.23,8890000.00,-1.77%
27-10-2023,639.08,628.06,641.97,626.52,10230000.00,2.31%
30-10-2023,626.57,641.82,641.82,619.94,12790000.00,-1.96%
31-10-2023,626.72,640.03,640.03,625.37,11400000.00,0.02%
01-11-2023,625.77,628.06,631.85,624.37,8790000.00,-0.15%
02-11-2023,634.49,630.06,636.24,628.16,9930000.00,1.39%
03-11-2023,645.51,659.96,663.95,644.21,23090000.00,1.74%
06-11-2023,644.06,650.84,650.84,641.22,10800000.00,-0.22%
07-11-2023,643.02,643.02,647.90,641.32,6590000.00,-0.16%
08-11-2023,640.57,646.01,647.05,639.93,6550000.00,-0.38%
09-11-2023,647.35,642.02,651.64,640.72,10160000.00,1.06%
10-11-2023,649.05,647.35,650.94,642.02,6430000.00,0.26%
12-11-2023,653.55,657.95,657.95,652.70,2240000.00,0.69%
13-11-2023,651.24,650.99,651.99,647.30,3280000.00,-0.35%
15-11-2023,669.48,657.97,671.43,654.53,11320000.00,2.80%
16-11-2023,678.31,671.93,683.39,668.84,17500000.00,1.32%
17-11-2023,679.45,680.40,685.53,677.51,9560000.00,0.17%
20-11-2023,672.23,679.90,684.64,668.64,8320000.00,-1.06%
21-11-2023,679.60,674.92,681.20,672.92,7290000.00,1.10%
22-11-2023,679.10,681.85,685.24,673.97,9280000.00,-0.07%
23-11-2023,677.86,681.10,683.79,674.97,5890000.00,-0.18%
24-11-2023,671.63,679.30,679.85,669.18,6950000.00,-0.92%
28-11-2023,695.35,675.37,697.30,672.18,16020000.00,3.53%
29-11-2023,710.16,700.59,712.20,692.21,16120000.00,2.13%
30-11-2023,704.23,714.10,715.04,694.86,24280000.00,-0.84%
01-12-2023,703.28,705.82,708.81,700.84,10570000.00,-0.13%
04-12-2023,703.43,713.80,714.79,702.63,9350000.00,0.02%
05-12-2023,706.77,703.73,712.70,702.83,9600000.00,0.47%
06-12-2023,720.23,706.87,722.57,706.82,12150000.00,1.90%
07-12-2023,719.73,722.77,725.26,713.80,10450000.00,-0.07%
08-12-2023,712.35,719.83,725.36,705.32,8560000.00,-1.02%
11-12-2023,718.58,715.59,724.27,714.35,6400000.00,0.87%
12-12-2023,713.20,722.57,722.57,710.81,6460000.00,-0.75%
13-12-2023,718.08,713.80,719.23,711.30,5810000.00,0.68%
14-12-2023,717.54,721.77,722.47,716.39,6730000.00,-0.08%
15-12-2023,730.15,721.67,731.74,719.03,12080000.00,1.76%
18-12-2023,728.55,730.65,732.49,725.86,5450000.00,-0.22%
19-12-2023,726.71,730.35,730.35,723.77,4510000.00,-0.25%
20-12-2023,703.08,728.70,730.74,700.89,8110000.00,-3.25%
21-12-2023,706.67,700.84,709.71,694.11,7700000.00,0.51%
22-12-2023,722.47,714.59,728.75,709.81,12060000.00,2.24%
26-12-2023,717.34,725.16,725.26,714.40,7230000.00,-0.71%
27-12-2023,738.62,725.76,739.57,722.92,15050000.00,2.97%
28-12-2023,751.58,740.37,755.62,736.78,14910000.00,1.75%
29-12-2023,777.55,752.68,800.43,751.68,41170000.00,3.46%
01-01-2024,788.17,782.59,796.24,778.65,12570000.00,1.37%
02-01-2024,781.99,798.04,801.53,776.60,13790000.00,-0.78%
03-01-2024,779.05,783.63,787.57,773.86,8560000.00,-0.38%
04-01-2024,793.30,795.54,799.33,788.87,14300000.00,1.83%
05-01-2024,788.52,796.54,803.42,784.68,11090000.00,-0.60%
08-01-2024,786.67,795.94,797.89,785.08,7670000.00,-0.23%
09-01-2024,797.34,797.49,806.71,790.71,12870000.00,1.36%
10-01-2024,805.96,797.54,808.51,790.21,9980000.00,1.08%
11-01-2024,813.14,811.00,814.98,805.96,11080000.00,0.89%
12-01-2024,813.94,815.63,816.03,806.66,7660000.00,0.10%
15-01-2024,809.95,817.48,817.88,807.81,4840000.00,-0.49%
16-01-2024,816.33,809.95,824.46,809.95,10160000.00,0.79%
17-01-2024,803.07,808.51,811.20,801.53,7900000.00,-1.62%
18-01-2024,816.53,804.52,820.42,794.55,11500000.00,1.68%
19-01-2024,821.02,821.32,823.46,816.98,5710000.00,0.55%
20-01-2024,818.90,826.00,827.00,817.05,2840000.00,-0.26%
23-01-2024,797.99,822.36,825.05,793.85,9440000.00,-2.55%
24-01-2024,808.41,799.93,809.50,786.08,7220000.00,1.31%
25-01-2024,809.35,811.50,811.65,797.84,10110000.00,0.12%
29-01-2024,838.41,809.35,841.20,808.55,12820000.00,3.59%
30-01-2024,856.21,840.41,883.22,840.26,19730000.00,2.12%
31-01-2024,881.48,862.54,893.74,862.54,24560000.00,2.95%
01-02-2024,875.80,897.23,897.38,873.60,14510000.00,-0.64%
02-02-2024,876.05,883.28,892.99,874.15,13000000.00,0.03%
05-02-2024,923.95,931.13,947.08,912.53,38690000.00,5.47%
06-02-2024,936.66,933.52,938.41,925.54,12710000.00,1.38%
07-02-2024,930.93,941.10,941.10,925.20,7910000.00,-0.61%
08-02-2024,921.46,934.12,936.81,915.97,11580000.00,-1.02%
09-02-2024,912.18,923.15,924.55,903.26,7900000.00,-1.01%
12-02-2024,908.80,913.28,922.16,905.21,7290000.00,-0.37%
13-02-2024,904.11,908.80,916.27,891.25,8570000.00,-0.52%
14-02-2024,915.47,897.23,917.12,891.60,6570000.00,1.26%
15-02-2024,917.72,920.86,924.15,913.53,6430000.00,0.25%
16-02-2024,935.71,922.16,945.88,921.26,12830000.00,1.96%
19-02-2024,929.73,940.05,940.05,928.19,4630000.00,-0.64%
20-02-2024,923.50,931.58,931.78,917.57,4730000.00,-0.67%
21-02-2024,918.22,923.50,934.32,913.68,6010000.00,-0.57%
22-02-2024,929.43,921.81,930.98,911.79,6440000.00,1.22%
23-02-2024,934.52,930.23,936.91,926.54,7050000.00,0.55%
26-02-2024,934.07,934.22,942.09,927.84,5600000.00,-0.05%
27-02-2024,959.74,933.87,962.03,932.62,12810000.00,2.75%
28-02-2024,955.10,963.18,973.00,947.38,15220000.00,-0.48%
29-02-2024,947.28,956.05,956.30,940.00,10350000.00,-0.82%
01-03-2024,974.39,956.00,977.38,953.76,10650000.00,2.86%
02-03-2024,988.35,985.15,992.60,981.60,1780000.00,1.43%
04-03-2024,984.16,990.20,991.94,977.09,6080000.00,-0.42%
05-03-2024,1018.76,1023.84,1062.32,1002.26,59810000.00,3.52%
06-03-2024,1014.52,1021.85,1027.48,1005.90,14210000.00,-0.42%
07-03-2024,1036.10,1021.85,1043.78,1010.93,16880000.00,2.13%
11-03-2024,1024.84,1031.57,1032.76,1017.86,7500000.00,-1.09%
12-03-2024,1013.37,1024.64,1033.81,1008.19,8760000.00,-1.12%
13-03-2024,970.21,1015.87,1017.86,960.59,16560000.00,-4.26%
14-03-2024,964.77,961.98,978.98,952.46,22930000.00,-0.56%
15-03-2024,942.94,965.42,976.74,937.11,23390000.00,-2.26%
18-03-2024,969.46,942.94,971.80,933.77,12120000.00,2.81%
19-03-2024,954.80,965.57,967.61,948.67,9480000.00,-1.51%
20-03-2024,937.56,957.94,962.18,918.37,13900000.00,-1.81%
21-03-2024,961.93,948.08,966.27,943.09,11070000.00,2.60%
22-03-2024,976.79,961.93,983.17,947.43,13640000.00,1.54%
26-03-2024,983.17,973.99,991.94,973.00,9460000.00,0.65%
27-03-2024,975.64,988.55,991.94,973.70,6640000.00,-0.77%
28-03-2024,989.75,979.48,996.82,975.99,9860000.00,1.45%
01-04-2024,989.20,996.92,1006.74,984.41,8630000.00,-0.06%
02-04-2024,1001.56,995.93,1004.90,990.34,8000000.00,1.25%
03-04-2024,1006.05,1000.91,1011.33,989.50,8040000.00,0.45%
04-04-2024,1008.49,1012.88,1013.87,995.08,9140000.00,0.24%
05-04-2024,1004.00,1008.49,1009.39,1001.31,4520000.00,-0.44%
08-04-2024,1010.08,1006.94,1013.27,1000.91,5190000.00,0.61%
09-04-2024,1005.40,1017.86,1026.33,1001.91,8540000.00,-0.46%
10-04-2024,1010.38,1009.14,1017.86,1006.89,4550000.00,0.50%
12-04-2024,1015.37,1010.88,1025.83,1010.38,11580000.00,0.49%
15-04-2024,995.73,995.03,1003.85,975.49,12630000.00,-1.93%
16-04-2024,989.75,986.96,1001.81,979.08,9570000.00,-0.60%
18-04-2024,968.36,993.28,1000.01,963.28,13540000.00,-2.16%
19-04-2024,960.24,961.03,964.97,941.10,15380000.00,-0.84%
22-04-2024,970.55,975.74,975.74,963.03,7190000.00,1.07%
23-04-2024,983.72,973.00,991.44,971.05,7990000.00,1.36%
24-04-2024,988.60,989.35,992.84,984.96,4670000.00,0.50%
25-04-2024,998.17,989.45,1000.21,986.46,8370000.00,0.97%
26-04-2024,996.43,1004.70,1005.85,993.53,7940000.00,-0.17%
29-04-2024,997.52,999.97,1002.66,995.93,4760000.00,0.11%
30-04-2024,1004.80,1001.91,1016.31,994.43,9050000.00,0.73%
02-05-2024,1024.64,1016.86,1026.83,1008.44,12700000.00,1.97%
03-05-2024,1010.28,1034.81,1037.00,992.94,11870000.00,-1.40%
06-05-2024,1013.07,1011.88,1016.66,1001.91,5720000.00,0.28%
07-05-2024,985.51,1013.07,1014.82,979.03,8880000.00,-2.72%
08-05-2024,1008.99,983.91,1011.88,973.99,7520000.00,2.38%
09-05-2024,1027.13,1007.89,1039.99,1004.20,19190000.00,1.80%
10-05-2024,1043.43,1033.81,1047.12,1027.23,13380000.00,1.59%
13-05-2024,956.80,1001.91,1005.60,944.29,58970000.00,-8.30%
14-05-2024,961.68,962.13,965.02,950.32,16330000.00,0.51%
15-05-2024,944.39,967.96,969.96,942.19,19670000.00,-1.80%
16-05-2024,933.52,950.27,951.46,916.17,31240000.00,-1.15%
17-05-2024,942.79,941.10,950.47,938.10,13210000.00,0.99%
18-05-2024,953.95,950.00,958.00,947.00,1930000.00,1.18%
21-05-2024,948.37,951.07,953.71,945.78,10060000.00,-0.58%
22-05-2024,944.59,949.07,951.96,939.65,9500000.00,-0.40%
23-05-2024,959.39,947.08,960.49,942.14,11210000.00,1.57%
24-05-2024,957.59,959.54,967.96,955.05,9590000.00,-0.19%
27-05-2024,955.55,961.93,963.48,949.07,6920000.00,-0.21%
28-05-2024,944.64,956.05,958.94,943.09,6620000.00,-1.14%
29-05-2024,940.70,944.04,947.58,935.91,8180000.00,-0.42%
30-05-2024,921.11,940.60,948.52,918.17,10170000.00,-2.08%
31-05-2024,920.16,928.78,934.37,917.27,14290000.00,-0.10%
03-06-2024,947.53,960.04,960.04,931.13,12310000.00,2.97%
04-06-2024,901.12,945.08,945.08,852.77,26550000.00,-4.90%
05-06-2024,927.09,922.10,930.88,887.26,13750000.00,2.88%
06-06-2024,935.36,937.11,943.09,928.34,11790000.00,0.89%
07-06-2024,967.52,937.11,970.01,932.37,15580000.00,3.44%
10-06-2024,972.15,973.99,981.87,966.12,9260000.00,0.48%
11-06-2024,987.10,973.80,992.55,966.65,14830000.00,1.54%
12-06-2024,988.70,994.50,1010.25,987.00,17530000.00,0.16%
13-06-2024,985.85,1002.00,1002.00,980.75,12160000.00,-0.29%
14-06-2024,993.40,990.00,997.25,981.40,11590000.00,0.77%
18-06-2024,985.90,1000.00,1003.55,984.00,9850000.00,-0.75%
19-06-2024,977.35,990.00,994.90,975.15,7610000.00,-0.87%
20-06-2024,978.25,980.00,988.40,976.35,7300000.00,0.09%
21-06-2024,961.80,979.00,980.90,958.10,14300000.00,-1.68%
24-06-2024,958.05,960.90,963.50,950.05,6660000.00,-0.39%
25-06-2024,955.00,960.00,962.85,949.30,7300000.00,-0.32%
26-06-2024,951.85,956.00,962.50,950.10,6910000.00,-0.33%
27-06-2024,972.10,952.50,974.85,948.05,19390000.00,2.13%
28-06-2024,989.75,975.00,998.50,972.55,23030000.00,1.82%
01-07-2024,1002.05,989.75,1005.50,985.20,14010000.00,1.24%
02-07-2024,981.30,1004.05,1005.00,979.10,12280000.00,-2.07%
03-07-2024,975.65,984.95,987.35,973.50,7350000.00,-0.58%
04-07-2024,998.20,984.00,1004.00,979.60,12140000.00,2.31%
05-07-2024,993.65,1005.00,1006.60,989.95,9050000.00,-0.46%
08-07-2024,1002.60,1005.00,1016.60,996.20,13310000.00,0.90%
09-07-2024,1014.95,1000.95,1017.00,998.10,10950000.00,1.23%
10-07-2024,1005.50,1015.00,1019.85,986.05,13410000.00,-0.93%
11-07-2024,1020.80,1008.00,1025.50,1007.05,11980000.00,1.52%
12-07-2024,1016.75,1023.85,1025.90,1015.00,7340000.00,-0.40%
15-07-2024,1024.45,1021.35,1029.80,1017.30,5850000.00,0.76%
16-07-2024,1021.15,1025.50,1029.60,1019.20,4820000.00,-0.32%
18-07-2024,1024.55,1022.95,1027.00,1008.00,8010000.00,0.33%
19-07-2024,990.00,1024.00,1024.00,986.65,7400000.00,-3.37%
22-07-2024,1003.15,990.00,1008.00,976.55,7400000.00,1.33%
23-07-2024,1001.80,1007.90,1008.65,967.20,10380000.00,-0.13%
24-07-2024,1027.70,997.80,1034.25,995.15,11470000.00,2.59%
25-07-2024,1090.95,1029.00,1094.00,1024.35,32770000.00,6.15%
26-07-2024,1118.30,1111.95,1120.50,1083.60,21230000.00,2.51%
29-07-2024,1124.00,1124.00,1139.90,1118.60,11850000.00,0.51%
30-07-2024,1161.85,1125.80,1179.00,1118.60,28590000.00,3.37%
31-07-2024,1156.65,1164.00,1167.90,1145.30,10860000.00,-0.45%
01-08-2024,1144.40,1167.00,1176.00,1136.50,14380000.00,-1.06%
02-08-2024,1096.65,1120.00,1120.00,1090.05,21970000.00,-4.17%
05-08-2024,1016.45,1059.95,1065.00,1014.05,26650000.00,-7.31%
06-08-2024,1013.75,1030.00,1060.65,1008.40,16730000.00,-0.27%
07-08-2024,1025.30,1036.05,1040.20,1015.05,9980000.00,1.14%
08-08-2024,1041.75,1034.95,1056.40,1027.00,19530000.00,1.60%
09-08-2024,1068.10,1055.00,1082.95,1052.05,15440000.00,2.53%
12-08-2024,1076.15,1065.00,1079.90,1055.00,11310000.00,0.75%
13-08-2024,1053.45,1074.85,1075.50,1048.20,7510000.00,-2.11%
14-08-2024,1062.35,1057.00,1067.05,1047.00,8210000.00,0.84%
16-08-2024,1098.35,1072.00,1099.95,1070.00,11440000.00,3.39%
19-08-2024,1087.70,1105.90,1107.00,1085.00,6910000.00,-0.97%
20-08-2024,1086.90,1097.00,1098.05,1082.05,5630000.00,-0.07%
21-08-2024,1085.20,1089.00,1095.30,1083.30,4870000.00,-0.16%
22-08-2024,1068.45,1090.00,1094.75,1064.95,9380000.00,-1.54%
23-08-2024,1085.15,1073.00,1092.60,1071.00,10180000.00,1.56%
26-08-2024,1092.40,1089.00,1103.35,1082.85,9420000.00,0.67%
27-08-2024,1077.25,1093.05,1096.65,1075.00,8810000.00,-1.39%
28-08-2024,1074.55,1082.95,1088.70,1070.10,8150000.00,-0.25%
29-08-2024,1121.65,1079.05,1142.00,1066.00,40660000.00,4.38%
30-08-2024,1111.35,1113.95,1115.00,1097.45,17650000.00,-0.92%
02-09-2024,1092.65,1105.00,1105.00,1087.35,8120000.00,-1.68%
03-09-2024,1085.10,1097.60,1100.00,1082.20,5090000.00,-0.69%
04-09-2024,1080.45,1079.00,1085.00,1072.10,4670000.00,-0.43%
05-09-2024,1069.15,1081.00,1085.85,1066.95,7900000.00,-1.05%
06-09-2024,1049.35,1068.80,1072.95,1040.50,8720000.00,-1.85%
09-09-2024,1038.70,1049.35,1049.95,1026.25,7210000.00,-1.01%
10-09-2024,1035.80,1049.00,1049.00,1032.20,6920000.00,-0.28%
11-09-2024,976.30,1000.00,1011.55,971.25,36140000.00,-5.74%
12-09-2024,986.15,976.30,988.00,958.00,25680000.00,1.01%
13-09-2024,992.10,994.90,1006.00,988.00,13200000.00,0.60%
16-09-2024,988.40,997.00,999.90,984.50,5840000.00,-0.37%
17-09-2024,974.95,995.00,995.00,960.00,44520000.00,-1.36%
18-09-2024,962.05,978.20,983.70,957.15,12040000.00,-1.32%
19-09-2024,967.00,970.40,978.95,956.35,13470000.00,0.51%
20-09-2024,970.85,967.00,977.50,949.20,16760000.00,0.40%
23-09-2024,971.80,973.50,979.20,966.05,10250000.00,0.10%
24-09-2024,977.30,974.00,985.00,972.60,12760000.00,0.57%
25-09-2024,963.60,982.40,982.50,959.25,12960000.00,-1.40%
26-09-2024,993.15,970.80,994.95,965.60,21640000.00,3.07%
27-09-2024,993.00,996.00,1000.40,989.15,10360000.00,-0.02%
30-09-2024,974.65,993.00,996.95,971.80,12230000.00,-1.85%
01-10-2024,965.20,976.90,984.50,958.90,10090000.00,-0.97%
03-10-2024,925.70,939.00,950.15,925.00,24420000.00,-4.09%
04-10-2024,930.75,930.00,949.20,920.00,19190000.00,0.55%
07-10-2024,927.85,942.00,944.45,915.00,11770000.00,-0.31%
08-10-2024,919.80,916.00,924.80,893.85,21180000.00,-0.87%
09-10-2024,939.15,926.80,948.45,925.50,11560000.00,2.10%
10-10-2024,928.50,933.75,943.60,912.35,13250000.00,-1.13%
11-10-2024,930.70,932.00,937.00,928.50,4460000.00,0.24%
14-10-2024,928.25,930.00,940.00,925.35,5740000.00,-0.26%
15-10-2024,917.30,932.95,935.35,913.00,9060000.00,-1.18%
16-10-2024,907.45,917.05,923.00,900.00,10300000.00,-1.07%
17-10-2024,891.60,914.95,914.95,890.05,13860000.00,-1.75%
18-10-2024,910.15,894.30,917.70,886.80,11530000.00,2.08%
21-10-2024,903.30,912.05,917.65,898.10,7390000.00,-0.75%
22-10-2024,879.50,905.00,906.10,875.25,13620000.00,-2.63%
23-10-2024,877.65,879.00,885.60,863.30,10550000.00,-0.21%
24-10-2024,880.00,875.25,890.00,875.25,7230000.00,0.27%
25-10-2024,864.30,883.90,885.75,857.30,10870000.00,-1.78%
28-10-2024,878.45,867.85,886.75,860.20,7110000.00,1.64%
29-10-2024,842.75,880.25,882.50,825.70,26820000.00,-4.06%
30-10-2024,840.20,846.00,853.60,838.05,12930000.00,-0.30%
31-10-2024,834.05,843.85,843.85,831.85,11900000.00,-0.73%
01-11-2024,843.45,847.95,847.95,840.00,2900000.00,1.13%
04-11-2024,824.10,840.00,844.45,814.50,15510000.00,-2.29%
05-11-2024,835.65,821.50,843.60,820.40,10220000.00,1.40%
06-11-2024,839.70,843.90,843.90,826.00,10580000.00,0.48%
07-11-2024,819.75,841.00,842.75,817.30,13240000.00,-2.38%
08-11-2024,805.45,821.95,822.00,801.10,16070000.00,-1.74%
11-11-2024,804.70,801.00,831.45,792.00,27590000.00,-0.09%
12-11-2024,784.85,806.00,813.10,783.05,16530000.00,-2.47%
13-11-2024,786.25,787.00,792.65,775.55,14670000.00,0.18%
14-11-2024,774.30,786.60,792.00,772.00,11740000.00,-1.52%
18-11-2024,771.90,778.00,781.75,759.20,17050000.00,-0.31%
19-11-2024,783.20,771.90,799.90,771.90,14010000.00,1.46%
21-11-2024,773.85,784.95,785.95,766.25,14190000.00,-1.19%
22-11-2024,791.00,775.00,794.00,775.00,14540000.00,2.22%
25-11-2024,796.60,808.05,810.20,793.65,15190000.00,0.71%
26-11-2024,783.00,797.15,801.80,780.15,10310000.00,-1.71%
27-11-2024,783.95,785.05,791.90,779.10,10010000.00,0.12%
28-11-2024,779.45,783.00,792.55,778.00,10940000.00,-0.57%
29-11-2024,786.45,779.50,789.40,777.05,10360000.00,0.90%
02-12-2024,790.05,787.30,796.75,785.00,8430000.00,0.46%
03-12-2024,801.25,795.00,806.00,790.00,9870000.00,1.42%
04-12-2024,788.10,805.00,806.00,784.05,12390000.00,-1.64%
05-12-2024,792.55,793.00,797.50,781.00,12170000.00,0.56%
06-12-2024,816.80,793.00,818.85,785.30,19720000.00,3.06%
09-12-2024,798.75,816.80,820.35,797.00,15570000.00,-2.21%
10-12-2024,799.90,804.80,810.45,797.45,13110000.00,0.14%
11-12-2024,799.10,802.90,806.95,798.20,7760000.00,-0.10%
12-12-2024,786.35,799.20,802.00,785.50,10600000.00,-1.60%
13-12-2024,790.30,789.00,792.50,775.00,14100000.00,0.50%
16-12-2024,784.80,791.40,793.95,783.00,10020000.00,-0.70%
17-12-2024,779.75,785.50,796.35,778.00,10270000.00,-0.64%
18-12-2024,755.70,774.00,774.25,754.00,19090000.00,-3.08%
19-12-2024,744.05,744.45,755.80,741.40,17120000.00,-1.54%
20-12-2024,724.05,744.30,749.55,721.50,17960000.00,-2.69%
23-12-2024,722.20,733.70,734.40,717.70,9650000.00,-0.26%
24-12-2024,736.10,723.50,745.30,722.50,12550000.00,1.92%
26-12-2024,740.80,736.10,747.80,735.55,9340000.00,0.64%
27-12-2024,750.50,749.00,766.85,745.70,15840000.00,1.31%
30-12-2024,733.65,753.90,754.90,730.70,17440000.00,-2.25%
31-12-2024,740.15,733.65,743.40,732.75,7090000.00,0.89%
01-01-2025,749.25,740.45,751.10,736.00,7790000.00,1.23%
02-01-2025,765.05,759.30,767.35,749.35,15290000.00,2.11%
03-01-2025,790.40,768.00,800.60,761.45,24770000.00,3.31%
06-01-2025,776.25,797.70,797.70,765.30,16950000.00,-1.79%
07-01-2025,793.25,776.00,796.95,772.50,15550000.00,2.19%
08-01-2025,794.95,792.60,797.00,781.65,11860000.00,0.21%
09-01-2025,780.10,800.00,810.00,769.45,17950000.00,-1.87%
10-01-2025,774.65,780.05,787.95,766.80,11140000.00,-0.70%
13-01-2025,751.00,769.00,773.55,748.80,12230000.00,-3.05%
14-01-2025,770.50,751.50,779.00,751.50,11380000.00,2.60%
15-01-2025,763.60,771.00,785.00,756.05,10500000.00,-0.90%
16-01-2025,774.35,769.90,781.00,767.35,8680000.00,1.41%
17-01-2025,779.75,773.90,785.50,772.25,7010000.00,0.70%
20-01-2025,774.35,780.00,783.00,767.00,9960000.00,-0.69%
21-01-2025,760.75,775.00,786.65,758.40,11660000.00,-1.76%
22-01-2025,742.75,764.15,765.45,731.00,12420000.00,-2.37%
23-01-2025,752.50,742.75,759.70,739.80,7920000.00,1.31%
24-01-2025,734.10,750.05,754.15,732.20,9510000.00,-2.45%
27-01-2025,713.05,732.95,732.95,709.30,14120000.00,-2.87%
28-01-2025,728.25,716.50,740.85,707.50,16100000.00,2.13%
29-01-2025,752.50,731.50,755.00,726.55,12460000.00,3.33%
30-01-2025,696.85,709.00,710.70,683.20,59390000.00,-7.40%
31-01-2025,716.10,706.00,717.00,696.45,19160000.00,2.76%
01-02-2025,706.55,719.50,724.75,700.90,14090000.00,-1.33%
03-02-2025,687.45,700.00,700.00,686.00,17810000.00,-2.70%
04-02-2025,710.55,696.30,713.35,693.75,16790000.00,3.36%
05-02-2025,717.05,711.00,725.45,710.70,12910000.00,0.91%
06-02-2025,709.65,723.00,723.40,708.15,10020000.00,-1.03%
07-02-2025,706.75,711.00,715.95,703.10,12260000.00,-0.41%
10-02-2025,696.00,709.75,709.90,693.05,10980000.00,-1.52%
11-02-2025,677.75,696.00,697.00,675.10,11940000.00,-2.62%
12-02-2025,684.35,680.00,687.55,667.05,12310000.00,0.97%
13-02-2025,683.85,684.35,693.15,679.35,8490000.00,-0.07%
14-02-2025,680.65,685.95,690.95,669.15,9970000.00,-0.47%
17-02-2025,686.60,678.00,690.70,667.05,10310000.00,0.87%
18-02-2025,682.40,686.60,687.95,672.15,7810000.00,-0.61%
19-02-2025,681.00,681.75,690.95,675.05,9990000.00,-0.21%
20-02-2025,689.80,680.00,692.85,675.00,8670000.00,1.29%
21-02-2025,673.20,686.00,690.00,671.10,14580000.00,-2.41%
24-02-2025,668.25,670.00,676.60,666.00,8860000.00,-0.74%
25-02-2025,661.60,667.75,672.50,660.00,10250000.00,-1.00%
27-02-2025,648.55,662.00,665.00,645.65,12280000.00,-1.97%
28-02-2025,620.65,645.00,645.00,618.45,20480000.00,-4.30%
03-03-2025,621.15,620.65,626.85,606.30,18360000.00,0.08%
04-03-2025,619.20,613.45,629.15,613.00,11880000.00,-0.31%
05-03-2025,640.80,619.00,641.60,618.60,12370000.00,3.49%
06-03-2025,639.65,653.25,655.95,635.60,16990000.00,-0.18%
07-03-2025,648.30,640.00,651.50,635.00,10120000.00,1.35%
10-03-2025,648.15,648.30,654.25,643.35,10310000.00,-0.02%
11-03-2025,648.05,640.00,651.15,638.45,9530000.00,-0.02%
12-03-2025,668.30,654.50,671.90,652.25,18730000.00,3.12%
13-03-2025,655.50,670.65,671.85,649.60,14000000.00,-1.92%
17-03-2025,661.05,665.05,666.45,657.45,9170000.00,0.85%
18-03-2025,680.05,665.00,681.70,663.90,11240000.00,2.87%
19-03-2025,682.25,685.40,685.75,678.55,9340000.00,0.32%
20-03-2025,690.05,685.00,692.70,679.00,9710000.00,1.14%
21-03-2025,702.95,693.00,705.00,688.55,14820000.00,1.87%
24-03-2025,713.50,710.00,717.50,702.05,11670000.00,1.50%
25-03-2025,710.30,719.00,723.05,706.35,13620000.00,-0.45%
26-03-2025,708.25,710.30,717.85,707.00,9360000.00,-0.29%
27-03-2025,668.55,668.00,676.60,661.10,34240000.00,-5.61%
28-03-2025,674.45,671.85,684.95,669.30,16010000.00,0.88%
01-04-2025,671.85,670.55,681.85,665.75,9590000.00,-0.39%
02-04-2025,671.90,674.95,675.35,662.10,8030000.00,0.01%
03-04-2025,653.95,660.00,669.00,652.50,13470000.00,-2.67%
04-04-2025,613.85,650.00,650.00,610.00,26620000.00,-6.13%
07-04-2025,579.75,560.50,582.00,535.75,49460000.00,-5.56%
08-04-2025,588.85,591.20,606.60,584.20,20990000.00,1.57%
09-04-2025,582.90,588.00,594.90,581.05,17480000.00,-1.01%
11-04-2025,595.05,610.00,612.80,591.00,21060000.00,2.08%
15-04-2025,622.20,614.00,628.30,612.65,19720000.00,4.56%
16-04-2025,616.05,625.00,625.00,613.60,12320000.00,-0.99%
17-04-2025,621.55,616.05,627.00,608.25,14340000.00,0.89%
21-04-2025,630.05,624.60,635.75,620.20,12790000.00,1.37%
22-04-2025,630.85,630.25,633.95,626.20,10290000.00,0.13%
23-04-2025,659.90,635.95,661.50,633.35,23390000.00,4.60%
24-04-2025,668.35,660.10,671.00,660.10,15170000.00,1.28%
25-04-2025,655.25,668.35,673.00,651.50,13210000.00,-1.96%
28-04-2025,668.15,654.30,669.60,652.55,10240000.00,1.97%
29-04-2025,665.60,671.45,682.90,661.60,13750000.00,-0.38%
30-04-2025,644.25,667.00,667.00,641.10,19490000.00,-3.21%
02-05-2025,652.00,641.00,661.35,635.55,13140000.00,1.20%
05-05-2025,661.55,662.95,666.65,655.85,8870000.00,1.46%
06-05-2025,648.20,661.55,663.20,645.50,12720000.00,-2.02%
07-05-2025,680.30,642.00,682.50,641.15,30390000.00,4.95%
08-05-2025,682.85,700.00,704.50,677.20,29320000.00,0.37%
09-05-2025,708.50,667.50,711.00,666.00,40180000.00,3.76%
12-05-2025,720.80,728.00,732.00,711.20,20130000.00,1.74%
13-05-2025,707.70,720.80,726.00,703.25,16130000.00,-1.82%
14-05-2025,698.95,690.00,708.00,686.00,31510000.00,-1.24%
15-05-2025,728.10,698.75,729.80,696.15,28630000.00,4.17%
16-05-2025,730.70,730.00,742.00,725.55,20630000.00,0.36%
19-05-2025,729.50,732.00,738.10,728.00,10460000.00,-0.16%
20-05-2025,718.90,730.00,737.75,717.00,14470000.00,-1.45%
21-05-2025,726.80,719.00,729.50,718.00,9000000.00,1.10%
22-05-2025,717.45,725.00,725.00,710.65,10050000.00,-1.29%
23-05-2025,718.25,718.75,721.80,715.00,7920000.00,0.11%
26-05-2025,729.00,722.00,738.00,721.20,13020000.00,1.50%
27-05-2025,716.45,729.00,729.35,715.20,12220000.00,-1.72%
28-05-2025,717.95,720.00,722.00,716.20,7570000.00,0.21%
29-05-2025,724.45,724.50,728.70,720.00,8840000.00,0.91%
30-05-2025,719.50,724.45,728.55,712.50,14530000.00,-0.68%
02-06-2025,711.60,717.00,719.00,707.40,9710000.00,-1.10%
03-06-2025,703.85,715.00,718.35,702.30,9160000.00,-1.09%
04-06-2025,709.15,701.80,715.45,698.40,11290000.00,0.75%
05-06-2025,710.15,712.80,714.45,704.00,10200000.00,0.14%
06-06-2025,711.00,710.00,715.90,701.20,11980000.00,0.12%
09-06-2025,717.80,715.00,726.00,713.10,9900000.00,0.96%
10-06-2025,732.25,721.00,734.75,715.35,19150000.00,2.01%
11-06-2025,736.40,734.95,744.00,730.15,12630000.00,0.57%
12-06-2025,715.35,737.00,737.70,711.25,12590000.00,-2.86%
13-06-2025,712.05,700.00,714.95,698.30,10520000.00,-0.46%
16-06-2025,686.65,711.00,714.00,672.95,31250000.00,-3.57%
17-06-2025,674.75,686.10,686.15,672.00,17110000.00,-1.73%
18-06-2025,670.25,671.85,679.35,668.00,12560000.00,-0.67%
19-06-2025,672.30,670.25,676.30,666.65,10900000.00,0.31%
20-06-2025,676.20,673.40,678.80,670.10,11390000.00,0.58%
23-06-2025,671.25,670.00,676.00,666.10,10270000.00,-0.73%
24-06-2025,673.65,678.00,686.50,672.00,15360000.00,0.36%
25-06-2025,674.50,676.00,679.00,673.45,10460000.00,0.13%
26-06-2025,682.75,677.00,683.70,674.45,10100000.00,1.22%
27-06-2025,686.90,685.00,691.45,683.00,7200000.00,0.61%
